품목별,값1,값2
1차 금속 제조업,135407612,138157880
ABS수지,3660810,3661799
ASIC 로직,1764699,1237486
BLU용 광학필름,992583,1089674
BPA(비스페놀A),1011610,1173488
BR,1085110,1030520
CMOS이미지센서,2998098,3001851
D D I,3507816,3238511
D RAM,60266604,87731226
DMB 송수신 기기,35464,23020
DVR,128414,204755
ECH(에피클로로히드린),X,X
EMC(에폭시몰딩컴파운드),236646,147804
FPD TV,3760976,3987642
Flash 메모리 (모듈포함),12158353,13326641
GPS 시스템,188525,142996
K-RESIN,X,X
Key Pad,208550,293043
LCD용 백라이트 유니트(BLU),816992,1032272
LCD용 유리,2873030,3141279
LCD용 컬러 필터,143647,X
LCD편광필름,4354258,5664063
LED 에피칩,X,X
LED 전등,1126566,1075717
LED(OLED),6063468,3345884
MDF(중밀도섬유판),393267,697540
MP3 Player,X,X
OLED 패널,17600954,21492650
OLED용 유리,306113,260133
PC 카메라,X,X
PCM(색순도집속장치),X,
PDA(휴대용 정보단말기),129603,153427
PDP,6655,11417
PDP용 유리,X,12357
PDP필터,X,X
PETG수지,X,X
PR(포토레지스터),1376797,1239914
PS인쇄판,81124,63944
PVC수지,1762290,2052073
PＣ강선,307231,342143
RFID(전자테그),162062,153650
RV자동차(다목적 승용차),38170105,38182436
S RAM,X,X
SAW Filter(표면탄성파 필터),295973,293311
SBR,461550,1000626
SB라텍스,1818348,1216250
SSD(solid state drive),X,1983903
TV 및 음향기기용 목제캐비닛,2982,2980
TV용 LCD,13562961,16868662
WiBro 단말기,X,X
WiBro 중계기,20937,33140
가공 및 정제염,84491,92219
가공합판,451416,485968
가구 제조업,7612955,7650959
가구용 철물,301747,352522
가구용 플라스틱제품,180876,186058
"가금류 소시지, 통조림 및 병조림",8838,7868
가금류 포장육,1394263,1541252
가단주물,90764,120253
가라기난,X,X
가발 및 유사제품,21486,18668
가발제조용 원사,99023,81427
가방 부착용 철물,21815,23214
가소제,1063209,1169062
가스 난로,X,1266
가스 용접기 및 절단기,76692,204693
가스공급계기,108278,135254
가스레인지,217944,202019
가스및화학운반선,10532120,8136716
가스오븐레인지,572255,256936
가스총,X,X
가위,20220,31551
가정 및 상업용 저울,58212,61959
가정용 가스 보일러,864955,674361
가정용 가습기,7371,22118
가정용 가죽제품,97777,100613
가정용 고정식 조명장치,640601,739994
가정용 금속제 주방가구,86442,84226
가정용 기름 보일러,89457,31128
가정용 도자기,90773,109748
가정용 비전기식 조리 및 난방기기의 부품,153498,160402
가정용 비전기식 휴대용 조리기기,51987,47672
가정용 생물 살균 및 살충제,21534,22861
가정용 선풍기,102986,105035
가정용 세탁기,1046471,1897522
가정용 식기 세척기,518078,281446
가정용 압형제품(스테인리스제),786316,583143
가정용 압형제품(알루미늄제),309534,296131
가정용 오디오,X,X
가정용 온풍기,16641,15343
가정용 유리제품,110260,93458
가정용 이동식 조명기구,61167,76877
가정용 전기 밥솥,439112,355160
가정용 전기믹서기,192720,237465
가정용 전기식 난방기기의 부품,96310,70081
가정용 전기식 식기 건조기,46098,52423
가정용 전기청소기,451339,507193
가정용 전자레인지,22385,55482
가정용 펌프,162417,180306
가정용 화학 살균 및 살충제,287078,308443
가정용 환풍기,77111,94341
가정용품 덮개,X,X
가죽 등산화,371575,374257
가죽 및 신발제조 기계,38282,32649
가죽 샌달,34284,30052
가죽 슬리퍼,X,X
가죽 장갑,17689,17160
가죽 장화,17541,17577
"가죽, 가방 및 신발 제조업",4653278,4823751
가죽제 신발부분품,84135,79144
가황촉진제,63200,52733
각재,466322,533006
간장,384434,377969
간판 및 광고진열물(비전기식),619709,585983
갈바륨강판,1379641,1259762
감광성 반도체소자,176636,217750
감압 밸브,272846,280706
갑각류 냉동품,77853,79485
강관 가공품,3697702,4105034
강관 연결구류,2227351,2071374
강괴,X,180989
강선 수리,208511,218263
강화마루,138738,125675
개인위생용 솔,142336,155755
거실 및 서재용 목제가구,649485,616540
건강원제품,78607,84578
건과자류,596557,725302
건물석,24277,25170
건물용 철물,665224,681968
건물용철문,440541,474850
건반 악기 부품,X,X
건설ㆍ광업용 기계 및 장비수리,170075,163044
건설용 기계 부품,2940779,3325707
건설용 석제품,278362,290705
건설용 쇄석(석회쇄석 제외),1366030,1470410
건설용 천연모래,234574,287434
건설용 크레인,118182,111876
건조 채소,89437,90780
건축용 금속 공작물,2153248,2009168
건축용 비내화 요업제품,6340,7134
건축용 안전유리,567983,590084
게임기컨트롤러,X,
견과 가공품,278845,269340
견사 및 견방사,X,X
견편조물,161114,194097
경강선 및 피아노선,522574,510786
경궤조,X,X
경버스,X,X
경승용차,6898701,3016607
경운기,75482,72691
경유,37149630,39851844
경질중유(벙커A유),X,X
경트럭,X,X
계란 및 새알 가공품,429990,406181
계산관련 기기의 전용부품,25154,29448
계전기,214355,180770
고구마전분,24611,13911
고령토(채굴),5700,21663
고로슬래그시멘트,749366,833325
고무 가공기계,82764,76151
고무 관 및 파이프,125351,183650
고무 매트,294551,274912
고무 및 플라스틱 가공기계 부품,52860,56257
고무 및 플라스틱제품 제조업,67789616,66973854
고무 보트,28420,26848
고무 자석,5602,4859
고무 장갑,79916,101133
고무도포 사,X,X
고무도포직물,50003,49989
고무벨트,270306,255119
고무스펀지 및 발포성제품,300453,318251
고무장화,29119,26779
고무젖꼭지,6640,29586
고무줄 및 밴드,55091,59966
고무직물,X,X
고무패킹,1782204,1810675
고무호스,883992,851629
고밀도폴리에틸렌(HDPE),3685461,4386651
고순도이소프탈산,X,X
고압 차단기(1000v 이상),1006593,1293794
고압배전반(전압1000v 이상),1629464,1471150
고장력철근,1959807,2461551
고추가루,309333,268070
고추장,351238,404235
곡물 혼합 분말 및 반죽,881493,857359
골뱅이통조림,47941,53855
골판지,950409,1064827
골판지 상자,4401774,4309949
골판지원지,2431736,2545623
골판지제조기,25459,27611
골프용품,185500,166744
공기조절장치 부품,2083342,2101694
공기청정기,1156571,987272
공압실린더 및 공압액츄에이터,290348,332249
공업계기의 부품,151907,153398
공업용 고무롤,99476,101384
공업용 고무판,104107,98634
공업용 비누,X,
공업용 재봉기,54173,19390
공업용 지방산,X,X
공업용 천연모래,104331,100502
공업용로,488011,481712
공작기계용 절삭공구,2206006,2322546
공해계측기,282817,288005
과당,252492,295344
과산화수소,531786,530492
과실 통조림,49625,54376
과실음료,673546,817773
과실주스,110141,107118
관악기,X,X
광 업(05~08),3047608,3203020
광디스크 드라이브,X,X
"광물용 파쇄, 마쇄 및 선별기",255998,258692
광물처리장비 부품,23209,24705
광선치료기,453047,399334
광섬유,1637,49798
광섬유 케이블,664065,390393
광업 및 제조업,1494771123,1521125882
광업 지원 서비스업,X,X
"광전송 장비(다중계기, 분배기)",381884,437250
광통신기기 부품,714957,669073
광학렌즈,945843,2243965
광학필터,75509,85287
광학현미경,81749,69640
교량,426596,491938
교환기 부품,31880,27849
구두약,3250,6557
구상흑연주물(덕타일 주물),213882,175997
구입한 수지의 배합물,1300368,1375103
구입한 압축 및 액화가스의 정제,124376,102478
국수,306377,308830
국악기,X,X
군사용 무기 및 부품,5676624,5477474
굴 통조림,19206,11545
굴삭기,4663236,4642594
권선(마그네틱선),814876,955185
권선기,31200,33956
귀금속 2차정련품,178803,85592
귀금속 압연 및 압출 제품,150812,88646
귀금속제의 세공품 및 부품,116726,81411
귀금속제의 신변장신구 및 부품,764251,714345
귀석 및 반귀석(원석을 1차가공한 것),29830,20483
규산소다,67168,61000
규석(채굴),17135,23802
규석분,79676,89803
그라비아 잉크,275019,274099
그라스울 샌드위치패널,43298,58737
그래픽 카드,X,X
그리스(석유기저),92645,107596
그림물감,32016,33334
그외 악기,X,X
그외 전기식 악기,X,X
극소형 조립회로,3880760,4028328
글루타민소다,X,
글리세린,39243,34694
금·은 및 백금 광업,X,X
금고,119641,114168
금고 부품,9039,10833
금괴,2918928,2368568
금속 가공제품 제조업; 기계 및 가구 제외,71323007,69442114
금속 광업,X,X
금속 단조기,14716,13524
금속 압연기,61064,65634
금속 열처리 제품,949473,869330
금속 인발기,9603,8856
금속 전단기,36822,45901
금속 절곡기,127772,143883
금속 튜브용기,100145,108142
금속 표면처리기,420737,503117
금속가구 부품,84338,65606
금속선 가공기,45504,34492
금속성형기계의 부품,55565,38758
금속절삭가공기계의 부품,293853,214786
금속제 모조 장신용품,66924,128123
금속제 서가,81868,66200
금속제 식탁용품(식기제외),50503,32241
금속제 액자틀,X,8966
금속제 영구자석 제조,121166,124430
금속제 조립식 건축물,450884,395022
금속제 조립식 건축물용 판넬,1613115,1793251
금속제 진열장 및 라커,270034,313393
금속제 창문,1181185,1091139
금속제 칸막이,117768,124058
금속제 캐비닛,191696,214625
금속제 파킹 및 가스켓,202805,175198
금속표면처리용 화합물,1297373,1146969
금속표시판,293593,256804
금전등록기,144523,163733
급유 및 계기용 펌프,206904,163292
기간통신사업용 교환기,41689,24032
기계 프레스,513146,555031
기계식 동력전달장치 부품,152348,112887
기계용 내연기관,1034194,1005766
기기용 앰프셋트,94360,202032
기념석,20410,20426
기압식 기체펌프 및 압축기,111239,85881
기어 및 기어링,612552,577451
기어절삭기,9708,10853
기억장치 부품,24744,26813
기중기차특장,277808,194353
기체 여과기 및 청정기 부품,666198,568077
기체 펌프 및 압축기 부품,105416,100670
기초공사기계,38223,45471
기타  가정용 난방기기,85532,75656
기타 1차 유리제품,19165,34418
기타 LCD,3607728,4688172
기타 TV,50276,33860
기타 TV송수신기,X,X
기타 가공지,120483,150656
기타 가공차,208244,303641
기타 가금고기 부산물,41145,85514
기타 가금류 가공품,615027,542337
기타 가금류고기,X,
기타 가방,53511,41370
기타 가변저항기,X,X
기타 가성소다,381277,344380
기타 가정용 금속가구,122921,172028
기타 가정용 목제가구,150841,104938
기타 가정용 전기기기,173279,141867
기타 가정용 전기기기 부품,1103176,1156156
기타 가정용 전기식 난방기기,47137,44832
기타 강관,131966,314348
기타 개폐 및 보호관련 기기,186545,168921
기타 건강기능식품,1712370,1231005
기타 건강보조용 액화식품,139234,86211
기타 건설용 기계,99427,103310
기타 건설용 트랙터,X,X
기타 건축용 비내화 요업제품,X,X
기타 건축용 플라스틱 조립제품,617043,718987
기타 검 및 나무화합물,98265,89410
기타 경지정리용 기계,118546,133739
기타 계산 관련기기,37448,12718
기타 고기가공품,1507149,1361988
기타 고무제품,107625,113634
기타 고정식축전기,X,X
기타 고정저항기,7634,7823
기타 곡물가공기계,10705,10627
기타 곡물가루,165069,149341
기타 곡물조제식품,137966,114447
기타 곡분과자,125411,123795
기타 골판지제 관련제품,31588,47262
기타 공기조화장치,286446,330460
기타 공작기계,243295,260935
기타 공작기계 부품,47146,56123
기타 공작기계용 부속물,114399,97392
기타 공장용 음식료품 제조기계,204170,208419
기타 과실 및 채소 절임식품,285856,270877
기타 과실가공품,122283,103480
기타 광물제조장비,9717,9131
기타 광산 기계,14422,24730
기타 광업 지원 서비스,X,X
기타 광택제,59534,51828
기타 광학기기,274756,298564
기타 광학기기의 부품,233309,147215
기타 광학요소 관련품,29947,29365
기타 궐련,X,X
기타 궤조 및 철도선로자재,X,X
기타 귀금속 1차정련품,104893,124215
기타 금속 무기화합물,265531,243140
기타 금속 위생용품,86540,119317
기타 금속가구,64385,57199
기타 금속성형기계,67484,50841
기타 금속스프링,218396,268336
기타 금속절삭가공기계,109880,93211
기타 금속제 문,652862,673822
기타 금속제 장식용품,125435,123548
기타 금속제 주방 및 식탁용품,36823,18886
기타 금속주조 및 압연기 부품,67393,69604
기타 금속처리 제품,775437,733735
기타 금속파스너,60809,54558
기타 금속포장용기,682388,701438
기타 금형,881846,870476
기타 기계 및 장비 제조업,116727647,122409792
기타 기계식 동력전달장치,87134,115505
기타 기계용 플라스틱제품,1142603,987996
기타 기록매체 복제물,X,X
기타 기억장치,8223,9489
기타 기체 및 액체공급계기,4084,7998
기타 기체 여과기 및 청정기,294682,342095
기타 기체펌프 및 압축기,76283,160059
기타 기초유기화합물,1384377,1298805
기타 낙농제품,278103,262778
기타 낚시용구,39207,24209
기타 남성용 편조 외의(편직결합),26044,31518
기타 납(연)축전지,84106,64007
기타 냉동장비,29827,23115
기타 냉동조리식품,1727260,1565318
기타 냉연강판(스테인리스제 제외),3194419,3360011
기타 농업용기계,95474,113639
기타 당류,80531,88320
기타 도금 및 피복처리 강재,97356,80931
기타 도금강판,274440,286003
기타 도료 및 관련제품,227354,232940
기타 도정 곡물,65637,45315
기타 도축고기,X,X
기타 동물가죽,X,14318
기타 두발용조제품,253553,237255
기타 망,146540,123528
기타 모노리식 디지털 집적회로,31193,X
기타 목제 주방가구,81258,91934
기타 목제품,117372,98370
기타 무기산,35005,X
기타 무기안료,93442,69867
기타 무선 통신전화기,X,17450
기타 무선통신 시스템,134714,766752
기타 무선통신기기,154589,161203
기타 묵 및 유사제품,65879,61852
기타 문구용 종이제품,91064,81727
기타 물질 측정 및 검사기기,808502,868636
기타 물품취급장비,135612,105325
기타 바이오 연료 및 혼합물,29314,7609
기타 반도체 메모리,24285206,6877607
기타 반도체 제조 장비,2702789,1701205
기타 반도체개별소자,294864,256263
기타 반도체소자 부품,1811699,1630076
기타 발효주,29717,16968
기타 방송국용 기기,27315,7523
기타 방전램프,14192,29628
기타 밸브,310122,273350
기타 베어링,283718,277734
기타 봉제의복,136064,75695
기타 부정형 내화 요업제품,409606,359366
기타 분류안된 금속가공제품,153180,148575
기타 비군사용 무기 및 부품,9048,13710
기타 비금속광물,13003,11226
기타 비금속광물 분쇄물,473522,454256
기타 비금속광물제품,56981,62133
기타 비금속화합물,79386,89000
기타 비동력식 차량의 타이어 및 튜브,X,X
기타 비알콜성 음료,1163191,963709
기타 비전기식 가정용 조리기기,9346,13644
기타 비전기식 조명장치,30506,26213
기타 비철금속 1차정련품,618865,475191
기타 비철금속 2차정련품,169355,158018
기타 비철금속 단조물,74800,73196
기타 비철금속 분말,125206,213377
기타 비철금속 압연 및 압출제품,241293,155029
기타 비철금속 주물,587265,99134
기타 비충격식 프린터,X,X
기타 비환식 탄화수소,342753,263923
기타 빵류(제조도매),1507427,1021977
기타 사료,97503,89944
기타 사무 및 상업용 목제가구,72585,50434
기타 사무용 기계,44739,238336
기타 사무용 보관함,19934,18666
기타 사진관련 기기,X,X
기타 사진기,34795,119248
기타 산업용 고무제품,341814,321201
기타 산업용 도자기,35107,37379
기타 산업용 로봇,403850,685425
기타 산업용 보일러,2798086,2860997
기타 산업용 유리제품,73694,75800
기타 산업용 트럭 및 적재기,17789,16969
기타 산업용기계,1697684,1513167
기타 산업처리공정 제어장비,1447358,1620523
기타 상점용 음식료품 조리기계,70062,60688
기타 샌드위치패널,23172,22557
"기타 생물 살균, 살충제 및 식물보호제",10574,11291
기타 생물학적 제제,581348,471766
기타 석고 제품,31977,34074
기타 석유정제품,415191,345754
기타 석재 가공품,43055,35429
기타 석회,24101,22727
기타 선박 수리,12717,27258
기타 섬유 마무리 가공기계,130948,115435
"기타 섬유, 의복, 가죽 가공기계 부품",17127,17002
기타 섬유제품,141169,185575
기타 세제,94461,113634
기타 소건품,22977,16029
기타 소다공업제품,136866,57816
기타 소재의 가구,16233,12795
기타 송신관련 기기,8417,6282
기타 수경성 시멘트,51665,34878
기타 수공구,31172,51585
기타 수동식 운송장비,52833,51200
기타 수동식 운송장비 부품,19215,24126
기타 수산동물 가공품,28856,39147
기타 수산동물 및 부산물 건제품,8942,10647
기타 수산동물 조리가공품,130151,111227
기타 수산동물 통조림,36898,41083
기타 수지식 동력 공구,66553,71083
기타 수확관련 기계,77988,72939
기타 시계,4184,3208
기타 시계부품,12772,14874
기타 식물성 원유(압착한 것),39803,45532
기타 식물성 유박,X,X
기타 식물성 정제유 및 가공유,248003,193226
기타 식사용 조리식품(제조도매),617111,505938
기타 식품,56930,52224
기타 식품첨가물,414916,431464
기타 신품 자동차부품,2492690,2428090
기타 신호장치,56813,44852
기타 악기 부품,43320,38321
기타 안경,29932,21368
기타 안경 부품,79411,76801
기타 알코올 및 관련 유도체,115327,162504
기타 액정표시장치 부품,604667,799325
기타 액체여과기,176008,266328
기타 어류 및 부산물의 냉동품,226363,218072
기타 여성용 편조 외의(편직결합),115525,100114
기타 연소가능물품,22563,13454
기타 열연강판(스테인리스제 제외),6264318,6515719
기타 영상게임기 부품,X,
기타 오락용품,40904,53348
기타 오락용품의 부품,X,X
기타 용접기,30239,32576
기타 운동 및 경기용구,37718,36140
기타 운송장비 제조업,39817066,36200035
기타 위생도기제품,27280,35546
기타 위생용 고무제품,50487,42205
기타 위생용 종이제품,11579,5805
기타 유리공업용 기계,40416,32375
기타 유리제품,7301,14030
기타 유사국수,45034,56762
기타 유선 교환기,8431,X
기타 유선 통신기기 부품,43499,36557
기타 유선전화기,86303,95386
기타 유선통신기기,35975,72190
기타 유압기기,102440,89514
기타 육상 금속 골조 구조제조재,647403,602923
기타 육지동물 소시지 유사제품,282038,305675
기타 음극선관,X,X
기타 음향 녹음 또는 재생기기,X,X
기타 음향관련 기기,12285,15719
기타 의료기기 부품,430739,400582
기타 의료용 가구,82928,63750
기타 의료용 기기,698751,653419
기타 의복악세서리,26181,24143
기타 의약관련제품,234991,332931
기타 인삼기저 식품,17517,16726
기타 인쇄 및 필기용지,51787,53012
기타 인쇄관련기계,46567,35263
기타 인쇄회로원판,577789,512419
기타 인스턴트면류,66000,54001
기타 일반도자기,X,X
기타 일반목적용 기계,395063,388103
기타 일반목적용기계 부품,492811,445804
기타 일반철물,268605,266416
기타 입력장치,195840,186924
기타 잉크,80885,84702
기타 자건품,27357,21637
기타 자동조절기,177434,180814
기타 자동차,70775,92591
기타 자동차 타이어,49588,47259
기타 자동차용 신품 전기장치,112780,188409
기타 작업용 수공구,98097,85339
기타 장난감,61656,55321
기타 장류,87851,78646
기타 장식용 목제품,13712,13618
기타 재료제의 신발,X,X
기타 재료제의 신발부분품,28177,56528
기타 재배관련기기,90133,95748
기타 재생섬유,61393,28791
기타 저압 차단기(1000v 미만),279632,273557
기타 적산계기,97266,114965
기타 전구 및 램프,36398,29694
기타 전기 및 전자식 진단용기기,314957,276752
기타 전기 접속기기,235307,116680
기타 전기량 측정 및 검사용기기,155162,106488
기타 전기식 이미용기구,262906,212933
기타 전기식 조리기기,40189,51854
기타 전기식 치료 및 요법기기,120903,122943
기타 전기용 탄소제품,28438,19403
기타 전기용접기,18101,55197
기타 전기장비,156471,134784
기타 전기장비의 부품,67121,71600
기타 전분제품,191855,34396
기타 전선,657580,911393
기타 전자 부품,795454,792071
기타 전자공업용 화학화합물,439352,718777
기타 전자관 부품,43801,15597
기타 전자유도자,110468,739597
기타 전자응용 절삭기계,56185,69759
기타 전자접속 카드,X,X
기타 점토(채굴),X,X
기타 젓갈류,140589,141450
기타 정지형 변환기,89296,104222
기타 정형 내화 요업제품,101984,93008
기타 제품,67861,137520
기타 제품 제조업,5591375,5540126
기타 조립구조재,192247,159374
기타 조립금속제품,273459,293492
기타 조명장치 부품,22022,15447
기타 조물제품,X,X
기타 조미조제식품 및 어류훈제품,72072,73575
기타 종이 및 판지,85876,97319
기타 종이 및 판지제품,76179,76675
기타 종이가공 기계,39679,47206
기타 종이상자 및 용기(판지 및 골판지 이외),414693,380611
기타 주방용 전기기기,48416,53485
기타 주형관련 부속품,412801,555619
기타 증류주 및 합성주,13681,22074
기타 직물갑피제 또는 가죽갑피제 신발,99689,115094
기타 직물제품,535494,436483
기타 질소비료,25958,16778
기타 채소가공품,413560,431674
기타 천연 모피제품,X,X
기타 천연조미료,169018,215873
기타 철강 단조물,587837,585987
기타 철도차량 전용부품,435208,357883
기타 철선조립제품,82939,74849
기타 축산기계,110391,104190
기타 출력장치(컴퓨터용),X,X
"기타 측정, 시험, 항해 및 정밀기기 및 부품",172117,157422
기타 침구관련제품,39676,23278
기타 침실용 목제가구,71686,51978
기타 카르복실산 및 그 유도체,130619,142748
기타 칼륨비료,X,X
기타 칼륨염,X,X
기타 캔버스제품,21395,22874
기타 컴퓨터,107644,93495
기타 컴퓨터 주변기기,28914,29929
기타 컴퓨터용 보드,8547,12208
"기타 콘크리트, 시멘트제품",75601,102336
기타 콘크리트관,612222,540087
기타 탄산음료,652407,550893
기타 탄화수소 유도체,820913,899377
기타 특수 직기,9872,11834
기타 특수가공가죽,34827,37033
기타 특수사,38266,40394
기타 특수직물,265445,121163
기타 특장,706523,701192
기타 파스너,11177,9850
기타 판유리 가공품,295592,322146
기타 판지,16810,11762
기타 펄프,X,24983
기타 펜,32373,32850
기타 편조물,53921,50481
기타 편조제품,16776,22005
기타 평판 디스플레이 부품,620768,608846
기타 평판디스플레이 판넬,48612,44225
기타 포틀랜드 시멘트,801966,672243
기타 표면가공목재,56622,39064
기타 프레스 가공품,922771,1092277
기타 플라스틱 및 고무제 신발,12319,10916
기타 플라스틱 및 고무제 신발부분품,77200,80067
기타 플라스틱 발포제품,173401,187550
기타 플라스틱 제조 기계,63260,48721
기타 플라스틱 제품,921368,832414
기타 플라스틱 포장용기,3800222,3533987
기타 필기용품,25171,18282
기타 필라멘트 전구,X,X
기타 합성고무,992297,905669
기타 합성수지,1618312,1248854
기타 합성수지 도료,409140,385872
기타 합성스테이플섬유,X,X
기타 합성염료,81516,61898
기타 항공기 전용부품,2166428,2370772
기타 항해용 강선,2746970,2453595
기타 항해용 기기,401348,182252
기타 해조류 가공품,130003,126361
기타 호흡관련 의료기기,82474,163749
기타 혼성 집적회로,101150,29826
기타 혼합조제조미료,1462925,1109157
기타 화물선(철강제),X,X
기타 화장품,1932634,1726386
기타 화학 및 비료 원료용 광물(채굴),X,X
"기타 화학 살균, 살충제 및 농업용 약제",45919,44364
기타 화학비료,56963,19165
기타 화학섬유 및 방적기,23028,29917
기타 화학제품,1302057,1207722
기타 화학조미료,161436,127059
기타 환식탄화수소,X,X
기타 회화용품,22093,20482
기타 휴대용 전화기 부품,1003162,3505109
기타 휴대용 컴퓨터,X,X
기타 １차 비철금속제품,162244,157329
기타(guitar),9438,8425
기타가공사,180747,191291
기타도금 강선,30849,26332
기타도포 및 적층직물,310043,309001
기타비료,146932,98266
기타산업용가스,846742,706357
기타위생용지,64259,X
기타전자관,9048,12395
김,1555517,1503624
김밥(제조도매),443896,351005
김치,1345997,1338935
김치냉장고,875603,907314
껌,206462,185808
꽁치통조림,18548,16167
꿀차,11810,13787
끈 및 로프(식물성섬유),66670,58183
끈(합성섬유),34561,36626
끈가공품,62555,56778
나동선,3209802,3249998
나사 전조기,102748,86114
나사못(금속제),389621,373167
나전칠기제의 가구,X,
나프타,16315359,16070141
낙농품 가공기계,45421,39756
낙하산,X,X
낚시 인조찌,X,X
낚시대,79834,108245
낚시릴,98563,122725
낚시바늘,25946,24171
남성용 니트셔츠(니트원단 구입),63266,58586
남성용 직물셔츠,734577,674884
남자 및 소년용 내복 및 잠옷,11749,22468
남자 및 소년용 바지,67596,65970
남자 및 소년용 속옷,73140,61985
남자 및 소년용 자켓 및 점퍼,839026,870584
남자 및 소년용 정장,656133,881895
남자 및 소년용 코트,X,X
남자용 가죽의복,29940,34615
남자용 구두(단화 포함),347797,383289
남자용 셔츠(편직결합),213108,203193
남자용 속옷 (편직결합),16240,18449
남자용 스웨터(편직결합),61988,97500
납석(채굴),14200,14481
내비게이션,3195451,4308694
내연기관 부품(차량 및 항공기용 제외),1463658,1312589
내연기관용 전기장치(자동차용 제외),85169,71102
내화도가니,X,X
내화벽돌 및 블록,396973,387798
내화시멘트,192761,216925
내화타일,49684,51326
냉각탑,134338,154022
냉간압조용 강선(CHQ),771961,782944
냉동 고등어,125065,108534
냉동 과실,34441,38063
냉동 참치,277072,260063
냉동만두,787559,741279
냉동，냉장 쇼케이스,377378,401988
냉매 압축기(차량용 제외),918949,771407
냉면,235778,205041
냉연 봉강 및 냉연 형강,449855,517485
냉연광폭강대(스테인리스제 제외),4449875,5093810
냉연박판(스테인리스제 제외),59346,X
냉연전기강판(스테인리스제 제외),46055,26214
냉연협폭강대(스테인리스제 제외),309765,460081
넥타이,20601,26010
노래반주기,103149,94838
노트류,198094,168158
노트북,33516,34375
노트북용LCD,5658540,3751894
녹음기 및 녹음재생기,20235,30136
녹차,118543,131258
놀이공원용품,X,4363
놀이터용 장비,212599,169199
농업용 건조기,86403,96798
농업용 기계 부품,611639,613993
농업용 분무기,119770,124116
농업용 수공구,8122,4638
농업용 트랙터,1208056,1131325
농축 과실즙,262259,187244
농축 채소즙,155165,182392
"니켈 압연,압출 및 연신제품",X,47862
니켈괴,X,X
"다이, 지그 및 공작기계 부착물",974123,850574
다이오드,272478,325230
단무지,305799,302181
단미사료,157812,119942
단추 및 지퍼 부품,X,4530
단판,35218,83883
닭고기,2616477,2580640
담배,3244623,3227144
담배 라이터,X,X
담배 제조업,3693989,3570472
담배 필터,356819,296883
담배잎(재건조),X,X
담요,10674,28009
당면,59818,57668
대나무 돗자리,5279,4020
대두박,394226,495362
대륙 간 탄도 미사일,X,X
대형 승용차(배기량2000cc이상),8886779,10814667
대형냉장고(401ℓ 이상),1968228,2025689
대형버스,1059012,1290108
대형트럭,869968,X
데스크탑 PC,432069,433834
도금 강관 및 피복 강관,515332,523014
"도난, 화재 및 유사 경보기(차량용 제외)",397062,338682
도넛(제조도매),163428,128613
도로포장 기계,44659,70274
도료충전제,231299,216327
도시락(제조도매),954971,958936
도안 및 제도기구,66432,65149
도자기 제조용 분말,25220,25584
도장용로봇,74592,88616
도정 부산물,70667,90845
도화선 및 뇌관(화약용),83905,111744
동 2차정련품,950405,853281
동 분말,166577,166971
동 주물,258063,201441
동1차정련품,4920792,5132484
동관,1119855,1175717
동단조물,27111,26044
동력 항공기,1936146,1618047
동물 및 기타인형,76404,80700
동물성 지방 부산물,172199,167089
동물용 약제품,563406,557811
동물용 조제식품,59646,44336
동박(두께 0.15 ㎜ 이하),580982,635636
동봉,903707,989462
동전 및 화폐 처리기,148088,110865
동제의 관연결구류,437582,400456
동태,62997,75333
동판,1319736,1599425
돼지가죽,X,X
돼지고기(도축),1526958,1473698
된장,189268,205054
두부,519254,506666
두유,401465,398986
드라이버,X,X
드럼통,565276,560195
드릴,41587,47660
드릴링기,22033,31323
들기름,29799,36225
등산용 배낭,30505,20392
등유,2735568,3037616
디니트로톨루엔(DNT),X,X
디지털 다중화장치,61978,38853
디지털 도어록,359918,396329
디지털 잉크,87158,115442
디지털 적층 성형기계,99219,81588
디지털 적층 성형기계 부품,10439,12912
디지털 카메라,X,X
디지털 피아노,20824,19136
떡(제조도매),419552,386174
떡(제조소매),55453,50245
"라디오, 녹음 및 재생기기의 부품",38409,38747
라디오송신기,X,X
라면,2342479,2054333
라우터 및 게이트웨이,53768,35827
라이타 및 흡연용품의 부품,9668,X
락카,84045,96497
레미콘,9693526,10225239
레이더기기,449615,540697
레이스원단 및 망직물(편직된 것),66854,94239
레이저 가공기,368261,453310
레이저 프린터,259344,412255
레이저디스크 플레이어 및 DVD 플레이어,94494,121487
레이저발생기기,55463,36820
레이크계 안료,111906,116532
레토르트 식품,1127718,923943
렌지후드,140885,151912
로 부속품 및 부품,180892,148426
로더 및 불도저,401489,444195
로션 및 오일,4682341,3862288
로프(합성섬유),148864,166551
루즈,263238,288177
룸에어컨,322972,355462
리드프레임,725039,878721
리모콘,169149,158368
리베트(금속제),33414,34659
리튬코발트산화물,712733,818967
리프트기기,121891,120391
린스,34492,24269
마 및 기타 식물성 직물,5697,7420
마그네틱 스트라이프를 자장한 카드,62464,70697
마네킹 인형,5928,6375
마루덮개 및 유사제품,82591,107771
마루용 판재,239016,292387
마사 및 기타 식물성 섬유사,X,X
마아가린,X,51602
마요네즈,241813,363473
마우스,1001,6761
마이크로 콤퍼넌트,92234,748083
마이크로폰과 그 스탠드,58246,75166
맛소금,X,X
망간철,X,97277
매니큐어 및 제거제,31448,31024
매실주,X,X
매트리스,440441,398638
매트리스 지지물,31440,43135
맥아,X,X
맥주,2021602,2352107
머리빗,13390,9677
머리핀 및 미장원용 핀,7881,10344
머시닝 센터,1473320,1499167
멀티미디어카드,X,X
메주,9095,9733
메탄올,7153,X
메틸렌 디페닐 디이소시아네이트((MDI),1162068,1564251
메틸메타크릴레이트(MMA),481353,664865
메틸터셔리부틸에테르(MTBE),385747,267788
멜라민수지,88463,83640
면도기 및 면도날,X,294781
면양 또는 산양(염소)의 가죽,X,X
면편조물,89795,124481
면혼방사,217192,222706
멸치 건제품,133660,132720
멸치젓류,6297,7100
명란젓 및 창란젓,98340,107319
명태 건제품,185283,165957
모니터용 LCD,5290599,4005627
모래주형(중자포함),128485,147689
모자,111162,123300
모터보트,11755,11763
모터사이클,46846,35954
모터사이클  전용부품,33846,34708
모터사이클타이어,X,X
목공기계,39451,41218
목공기계 부품,X,X
목도리,X,X
목모와 목분,35068,28672
목선(동력식),X,X
목재 및 나무제품 제조업; 가구 제외,5559394,5803519
목제 그림틀 및 사진틀,9223,7085
목제 깔판류 및 기타 적재용 판,633331,638476
목제 상(식탁용),5367,5616
목제 상점진열대 및 라커,158474,172435
목제 식탁 및 식탁의자,89606,81685
목제 싱크대상판,115063,115322
목제 의자,63768,62927
목제 조리대(싱크대),664710,781117
목제 책상,103305,87104
목제 침대,544094,537557
목제 칸막이,53119,66873
목제 패널,267521,284998
목제가구 부품,122065,148536
목제도구 및 부품,10509,13077
목제의 건물 부착물,131836,134565
목제의 문 및 문틀,503411,521577
목제의 창문 및 창문틀,118006,130414
목제의 케이블드럼,31783,30685
목제의 포장 및 운반용 상자,432822,484250
목제통 및 관련 부품,42557,24326
몰드베이스,650894,585593
무계목강관,431439,337459
무동력 보트,X,X
무동력 항공기,X,X
무선 호출기,27015,31384
무선통신 기지국용 송수신기,868881,86093
무선통신 단말기의 부품,365166,356127
무선통신기기의 부품,195379,211668
무선통신용 교환기,76660,166311
무선통신용 중계기(릴레이),629435,718981
무수마레인산,57763,64641
무수프탈산(PA),291060,307464
무연탄(채굴),159933,207286
무인 비행장치,15231,11038
무인 항공기,37513,35621
무전기,184262,308458
무정전 전원장치,536310,508049
무한궤도,55404,363278
문갑,X,
문구용칠판 및 화이트보드,31884,30088
문서 및 그림 코팅기(사무용),77943,71132
문서 펀칭기(사무용) 및 스테이플러,9707,12520
물에 뜨는 구조물,128884,1580636
물엿,359453,451751
물질 검사·측정 및 분석기구의 부품,605357,375169
물품취급용 크레인,549609,576788
물품취급장비 부품,94013,102100
미과,130988,83528
미생물 배양제,94090,90801
미역,157777,158858
밀가루,1170016,996200
밀링기,35473,31766
바늘,61568,61800
바리스터,164950,153225
바이오 디젤,813149,454480
바이오 에탄올,X,X
바이폴라 IＣ,364104,258168
바인더,50519,60938
반도체 검사장비,2196781,2400165
반도체 조립 장비,3797985,5076171
반도체용 식각제,2324877,2271852
반도체웨이퍼,2660787,2509648
반도체제조 장비 부품,4022595,4447263
반송기기 부품,29451,10873
반송장치(디지털),197697,290164
반송장치(아날로그식),15078,10977
반응성염료,128959,154723
발전기,628249,538534
발전기세트,124987,112430
발전변압기,44005,48290
발전플랜트,247543,466009
발포 및 소포제,185011,207020
발효유,1568723,1591699
방사선 기타 장치,X,7287
방사선장치의 부품,137497,143240
방송국용 기기의 부분품,49896,48328
방송용 영상관련 기기,101136,92002
방송용 음향관련 기기,137912,145803
방송용 증폭기,195792,124295
방수액,197717,191648
방열기,169869,96847
방적기,79190,52489
방적용 면,X,X
방적용 모,X,31263
방전가공기,76357,58753
방진고무,1260307,1198251
방향유,164394,153933
배선용 차단기(1000v 미만),961289,886744
배전반 부품,342396,378794
배터리 충전기,422868,451632
배터리팩,230517,565761
배합고무,562018,549587
배합사료(기타 동물),1088325,1002890
배합사료(양계용),1873717,2029687
배합사료(양돈용),2439227,2368704
배합사료(양어용),215578,203853
배합사료(양우용),3451272,3160357
백삼,X,1542
백상지,1453066,1375205
백색시멘트,83387,87945
백신,372262,371960
백열 전구,9019,10513
백판지,795896,782016
버스 및 화물차 타이어,427436,415437
버터,35105,32120
벌크선(철강제),1035345,541621
범용 선반,31680,67437
법랑제 주방 및 식탁용품,10573,X
벙커C유,7110240,7638788
베개 및 유사제품,37855,56132
베어링 부품,299114,303578
베이컨,88495,65315
벤젠,5378291,5460181
벨트(허리띠),15827,14764
벽시계 및 탁상시계,14170,10182
변기,83276,89146
변속기,666393,764908
변압기 부품,297316,296097
병마개,209686,200303
병원침대,110394,85742
병，용기의 세척기,X,9386
보리쌀(도정한 것),40503,36204
보링기,118966,36198
보석제 제품,27370,19041
보온용 및 기타 진공용기,16304,23742
보일러 부속품 및 부품,146878,154272
보청기,22075,26849
보통 철선,472105,516981
보통 포틀랜드시멘트,1476403,1650328
보통강 단조물,1342194,1340954
보통강 주물,787801,792170
복분자주,20897,37554
복사기,14348,105715
복사기 전용부품,70204,86495
복층절연유리,344591,336397
복합비료,903699,927623
볼 및 플러그밸브,373369,375160
볼 베어링,1693571,1671401
볼터치,52114,51513
볼트 및 너트류(금속제),3609878,3590374
볼펜,97824,97846
봉강(보통강),1141042,1426084
봉강(스테인리스강),1533525,1837388
봉강(특수강),1799625,1401838
부동액,X,X
부직포,824107,890668
부직포 제품,494736,474557
부타디엔,1452515,2067429
부탄가스,2324422,2399995
부탄올,124432,164116
분말야금제품,418595,426122
분사기,112123,144346
분산염료,130419,149836
분유,152053,154062
불포화폴리에스터수지,589627,397040
브라운관용 유리,X,X
브레이크라이닝,9459,13145
블룸 및 쉬트바,X,X
비군사용 총기류,30238,26849
비금속 광물제품 제조업,34026717,35372193
비금속광물 광업; 연료용 제외,2620455,2713294
비금속제 모조 장신용품,17551,17291
비내화 모르타르,677354,591653
비닐도포직물,100465,103308
비디오도어폰,179609,171620
비디오용 헤드드럼,X,X
비디오테이프 녹화재생기,X,
비스코스직물,36725,42215
비식용 어분,21164,20960
비식용 지방(육지동물의 것),41587,39858
비철금속선(동력식),X,8733
빌렛,505566,478453
빙과,266936,576714
사람인형,7391,8135
사료 첨가제,447046,409570
사료가공 기계(농업용),77247,73936
"사무, 작업 및 위생용 의복",805553,632252
사무기기의  전용부품,13546,10118
사무용 금속제 의자,398663,328207
사무용 금속제 책상,205348,177250
사무용 기계 수리,17353,12797
사무용 목제의자,30531,33834
사무용 목제책상,290542,303302
사무용 목제탁자 및 테이블,66916,59879
사무용 보관함,123247,124194
사무용 봉투,61478,71343
사설 교환기,X,X
사이다,509842,365767
사인펜,37535,24694
"사진기, 영사기 및 관련장비의 부품",231795,168529
사진섬광기구,X,X
"사진용 감광성 필름, 판 및 종이",469755,497513
사진용 화학물질,204524,414903
산성 및 매염염료,43476,70113
산소(Oxygen),554312,528446
산소호흡기,67410,25780
산업 및 상업용 냉장고,607202,377437
산업용 가죽제품,26766,26711
산업용 공기압축기,616513,613269
산업용 기계 및 장비 수리,1368004,1512522
산업용 기계 및 장비 수리업,2956887,3009142
산업용 냉동기,796327,898074
산업용 냉장 및 냉동장비의 부품,755743,714594
산업용 로봇 부품,674453,337755
산업용 방사선장치,84416,75270
산업용 범용 건조기,461967,527145
산업용 솔,37231,33318
산업용 액체펌프,1230325,1180700
산업용 온수보일러,537390,630390
산업용 온수보일러 및 방열기의 부품,39415,34277
산업용 일반변압기,981470,838691
산업용 저울,55358,63251
산업용 접시 세척기,65619,59182
산업용 조명장치,400728,523160
산업용 트럭 및 적재기 부품,321396,345503
산업용기계 부품,1425399,1218837
산업용온도조절기,516217,685552
산화방지제(고무·플라스틱용),611893,603688
산화철,61151,58808
산화티타늄,102793,98734
산화프로필렌(PO),X,X
살균기(의료 및 실험실용),108352,86259
상하수정화장비,508442,382893
새도우마스크,X,
색소안료,248614,238139
색소중간착색제,74006,63061
생물 살균제(농업용),17226,16381
생물 살충체(농업용),32465,31043
생물 제초제(농업용),X,X
생석회,534939,505246
생수,892251,863362
샤프펜,3001,16848
샴푸,526430,853120
서류가방,24561,40155
서미스터,107845,57268
석고보드,489063,596481
석면제품,65058,61634
석유 난로,X,X
석유수지,X,X
석탄 화학물,151705,169207
"석탄, 원유 및 천연가스 광업",260403,331651
석탄코크스,X,X
석회석 원석(파쇄되지 않은 것),44129,38623
석회쇄석(채굴),556550,541352
선글라스,9710,11737
선박 부품 수리,334980,305167
"선박, 철도차량, 항공기 및 오토바이용 조명기구",137588,136498
선박용 내연기관,2834282,2533829
"선박용 프로펠러, 날 및 닻",238752,211013
선식류,203711,139468
선재(보통강),730000,703235
선재(스테인리스강),X,X
선재(특수강),2516070,2679074
선체블록,2784908,1934779
선형폴리에스터수지,1196812,1017208
설치용 및 위생용 플라스틱제품,980870,1027930
섬유 기타 가공,37146,22765
섬유 장갑,63257,55301
섬유 호부처리,53591,47250
섬유사 염색,145204,195871
섬유제품 제조업; 의복 제외,15901181,16459226
세금선,X,539638
세라믹 유전체의 고정축전기,1616826,1445493
세라믹제 및 페라이트 자석,149932,165574
세면기,57273,84084
세탁 비누,23537,26871
세탁용 합성세제,598535,577296
세폭직물,223478,210743
센서,1262699,772411
셀룰로스 에테르,X,X
셔터문,113252,73795
소가죽,867039,905308
소각로,412936,869607
소각재,51152,54617
소다회,X,X
소맥전분,X,
소맥피,X,29842
소방차특장,154557,213123
소석회,68530,69103
소시지(축육),385198,369801
소주,2095017,1833855
소파 및 가정용 내장의자,310245,282244
소형 전동기,2377079,2469017
소형냉장고(200ℓ 이하),X,45333
소형버스,X,X
소형승용차,7001384,6152039
소형트럭,3491488,3461533
소화기,275825,252566
소화장비 및 분사기 부품,194567,192230
속도계,485587,825236
속도계 및 적산계기 및 부품,101451,88985
손수건,30750,30815
손톱 및 발톱 깍기,52678,46803
솔벤트,1684839,1191996
송배전변압기,1091341,906919
송풍기(산업용),1008087,948071
송풍기(산업용) 부품,136679,132860
쇠고기(도축),581160,587184
쇠못,86688,119088
쇼트닝,99255,106089
수관보일러,455261,365897
수도미터,111421,107962
수렵용구,X,5161
수산동물 조유(원유),48795,24881
수산화나트륨(가성소다),1099355,1154462
수산화알루미늄,84051,82625
수상 금속 구조물,4761653,3165165
수성 페인트,227102,245103
수소(Hydrogen),1332389,1258099
수전,783066,877235
수정진동자,13418,20334
수제지,13268,13917
수지식 동력공구 부품,74606,86483
수지식 동력연삭기,120673,126167
수처리제,315077,271443
수치제어식 선반,1237708,1496991
수치제어장치,356945,357539
순견직물,27382,35682
순면사,389536,567836
순면직물,258638,342116
순방모사,102270,82885
순방모직물,32658,21269
순소모사,31024,41020
순소모직물,54018,56067
순합성섬유사,101503,129655
순합성섬유직물,988162,1078517
숯,16498,16006
스낵류,1103758,1168839
스냅 단추,X,1926
스마트 카드,338278,346106
스위치(전기개폐용),1794757,1605689
스카프,64320,75994
스캐너류,129251,71162
스쿠알렌식품,X,6151
스타킹,50495,67731
스탠다드로직,X,X
스탬프(수동식),32851,32436
스테인리스 냉연강판,3283411,3295210
스테인리스 단조물,154749,133381
스테인리스 중후판 및 열연강판,4817722,4760424
스테인리스강선,503348,514385
스텐레스 주방 및 식탁용품,300224,294741
스티렌모노머(SM),3954334,4848127
스티로폼 샌드위치패널,149119,181067
스틸캔(음식료품용),461028,539082
스판덱스섬유,282384,328767
스패너 및 렌치,11966,8200
스포츠화,12567,19553
스프링쿨러,82676,104933
스피커,345635,311608
스핀들,8845,12133
슬래브,741216,707485
승강기류 부품,713781,779180
승용장난감,19991,19503
승용차타이어,5793611,5584503
시계줄(금속제),X,X
시계케이스,X,X
시너(Thinner),241764,324402
시멘트 클링커,417947,693788
시스템에어컨,2009103,1850856
시안화나트륨,158903,154441
시유,2775128,2897558
식료품 제조업,81991225,77953427
식물보호제,X,X
식물성 섬유음료,140121,136467
식빵(제조도매),835086,661615
식용 지방(육지동물의 것),56502,65558
식초,143688,240968
식품용 색소,92415,89863
식품용 종이용기,405806,388901
식품용 종이제품(용기 및 상자 제외),274263,279371
식품위생용 종이상자,255011,209652
신문용지,777563,693372
신발장,89689,83543
신용카드조회기,55912,88753
신품 내연기관용 발전기,870811,732998
신품 동력전달장치(자동차부품),21096106,19660000
신품 라디에이터 및 부품(자동차부품),444299,472658
신품 배기조직 및  부품(자동차부품),2608631,2345001
신품 배전기와 점화코일,142873,164104
신품 스타터모터,1203859,993128
신품 안전벨트 및 부품(자동차부품),880663,820851
신품 에어백 및 부품(자동차부품),1125673,1049195
신품 연료탱크(자동차부품),343250,357552
신품 와이퍼 및 서리제거용 열선,471225,567894
신품 음향신호용 기구,X,X
신품 자동차 전자제어,2586743,2047750
신품 점화 및 기타 목적용 와이어링하네스,3772968,3676335
신품 점화플러그,203797,237806
신품 제동장치 및 부분품,5411634,5475778
신품 조향장치 및 부분품,5465161,5446844
신품 차량용 히터,489009,350544
신품 차륜 및 부품(자동차부품),2774893,2716078
신품 촉매컨버터(배기관용; 자동차부품),236823,137928
신품 현가장지 및 부분품,2097292,2207038
신호 및 제어선,371000,380819
신호 발생기,3364,X
신호변환기,200492,101831
실내용 가향제,113794,103836
실리콘수지,982677,1172484
실물설명용 모형,262437,283517
실험 및 과학용 가구,48886,37812
실험실용 및 약물 포장용 유리용기,140612,175547
심전계,44035,46536
싱크상판,157667,145497
쌀(도정한 것),1996979,1876923
쌍안경 및 천문관측기기,62638,92953
씨리얼식품,242768,238858
아날로그 집적회로,62775,52854
아동용 구두(단화 포함),8296,8595
아디핀산,X,X
아르곤가스,262965,367745
아민,115465,104227
아세테이트섬유,X,X
아세테이트직물,43032,23455
아세톤,233650,366299
아세틸렌가스,41056,37332
아스팔트,2371502,2515024
아스팔트 콘크리트 및 혼합제품,1274044,1276144
아스팔트성형제품,94878,89107
아연 1차정련품,3051810,3713745
아연 2차정련품,215807,199317
아연 분말,X,X
"아연 압연,압출 및 연신제품",124443,144264
아연도 강선,341795,362910
아연도강판,8901769,10313005
아연화,278714,345115
아이세도우,422987,220648
아이스크림,1025003,732822
아크 용접기,91473,48091
아크릴도료,434899,460250
아크릴레이트,457626,569887
아크릴로니트릴(AN),X,X
아크릴릭섬유,X,X
아크릴산,X,X
아크릴수지(PMMA),723501,938495
아트지,1219765,1672285
안경용 렌즈,194898,149822
안경테,111328,121161
안전 밸브,297915,306857
안정제(고무·플라스틱용),467159,462289
안테나,322738,373531
안테나시스템,482619,190174
알로에식품,80610,72245
알루미나,362158,325065
알루미나시멘트,X,X
알루미늄 1차정련품,1794893,1857572
알루미늄 2차정련품,1516765,1784888
알루미늄 관,429748,440306
알루미늄 봉(압연에 의한 것),313015,335205
알루미늄 분말,X,X
알루미늄 새시바(압출에 의한 것),2064053,2046473
알루미늄 선,300372,319888
알루미늄 주물,1108101,1141585
알루미늄 판,3153574,3213619
알루미늄단조물,146367,173798
알루미늄도금강판,1130828,631174
알루미늄박(두께 0.2 ㎜ 이하),610388,616388
알루미늄제  관연결구류,52307,46810
알루미늄제 주방 및 식탁용품,548996,567324
알루미늄캔(음식료품용),610275,597613
알미늄 전해축전기,232595,229262
알카리성 이온음료,110238,125741
알칼리 축전지,8885754,7332436
알킬벤젠,X,X
암면 및 유사제품,416066,415049
암모니아,350596,369891
압력계,126057,101143
압연기 롤,117173,113856
압전소자,X,X
압축 및 액화 가스용기,743144,622028
앙금류,115195,109765
애완동물사료,365000,292807
액면계,115631,84409
액압 프레스,33283,33885
액정 모니터(컴퓨터용),879261,787672
액정(liquid crystal),505364,837803
액체 여과기 부품,906124,910030
액체비중계,X,X
액체펌프의 부품,108207,98381
앨범,46815,45624
약주,45500,52998
"양궁, 국궁 및 유사장비",28086,30776
양말,181581,214704
양초,22179,19080
어댑터,101260,119292
어류 부산물(신선 및 냉동한 것),30016,28412
어류 염장품,161370,149885
어류의 채(건조한 것),71404,64322
어망,93439,116178
어묵 및 유사가공품,651641,595492
"어선(FRP제, 동력식)",113929,121419
어선(철강제),13693,X
어육 소시지 및 어묵햄,383193,340997
"어육(신선 및 냉동한 것, 등뼈 제거)",564634,524783
어학실습기,X,X
얼음,87429,93915
업소용 세탁관련기기,20981,23078
에나멜페인트,97732,100130
에너지 저장장치(ESS),219830,412971
에스컬레이터,X,X
에어로졸캔,361901,364483
에어핸드링유니트,314364,337091
에틸렌,4077920,4469001
에틸렌글리콜(EG),1304020,1508529
에틸알콜(공업용),104798,135809
에폭시도료,336161,362024
에폭시동박적층판,1198421,1250080
에폭시수지,1580704,1476037
에폭시인쇄회로기판,3619047,3655157
엔지니어링플라스틱수지,4316400,5618382
엘리베이터,2476917,2860773
"여객선(FRP제, 동력식)",8636,X
여객선(철강제),X,X
여과지,272643,256769
여성용 니트 블라우스 및 셔츠(니트원단 구입),463360,424037
여성용 직물 블라우스 및 셔츠,783535,700833
여자 및 소녀용 내복 및 잠옷,9755,10577
여자 및 소녀용 바지,68968,76353
여자 및 소녀용 속옷,96139,88205
여자 및 소녀용 자켓 및 점퍼,1908095,1251133
여자 및 소녀용 정장,2032581,2885662
여자 및 소녀용 치마,138455,176192
여자 및 소녀용 코트,237471,268682
여자용 가죽의복,69340,70955
여자용 구두(단화 포함),502083,591613
여자용 보정의류,106865,140127
여자용 셔츠 및 브라우스(편직결합),85086,275202
여자용 속옷 (편직결합),115741,61861
여자용 스웨터(편직결합),200217,232048
여행용 가방,16984,27396
연 1차정련품,1613381,1560896
연 2차정련품,602667,644537
"연(납) 압연,압출 및 연신제품",214818,189637
연(납)광 및 아연광(채굴 및 정광),X,X
연관보일러,61817,69192
연료전지,236556,152545
연마석,134463,152888
연마지 및 포,386010,407387
연마휠,61236,57333
연사기,X,X
연삭기,88614,107554
연성 및 기타인쇄회로기판,2275271,2176908
연수기,X,X
연유,38839,19973
연체동물 냉동품,341394,298529
연탄,82594,112596
연필,35684,33197
열교환기,2167499,2182900
열연광폭강대(스테인리스제 제외),X,X
열측정 및 풍력계기,104333,69741
염산,112325,80192
염색기,26316,29813
염색약,121365,158080
염소,164435,170907
염소산나트륨,9412,9181
염화비닐모노머(VCM),943292,778912
영상 전화기,21681,11611
영상게임기,34725,37055
영상모니터,481002,523137
영화관련 기기,33685,30302
오디오 복제물,X,X
오디오용 튜너,X,X
오렌지원액,X,X
오리고기,292541,311249
오산화인,13398,15583
오실로스코프 및 오실로그래프,X,X
오존 발생기,22174,29696
오징어류 건제품,35721,27249
오토바이용 헬멧,140723,133702
옥수수 원유(압착한 것),14526,25423
옥수수가루,74911,78379
옥수수기름,83896,59973
옥수수전분,258615,283928
옥외용 조명장치,389815,366776
옥탄올(2-EH),313843,263005
온도 자동조절장치(공업용 제외),260613,294866
온도계,21210,24355
온도자동제어장치,976916,516683
올리브유,178093,230710
올소자일렌,X,X
옵셋 잉크,293187,271705
와셔(금속제),115558,111353
와이어로프,710720,671773
왁스,84910,81532
외장형 DMB 튜너 (PC 장착용),X,X
외장형 DMB 튜너 (자동차 장착용),204964,217016
요소,X,50871
요소수지,63118,37841
요업용 도포제,100295,93896
욕조,22697,25363
용접강관,4163671,3367464
용접봉,882202,880818
용접용로봇,229536,284945
우드몰딩,62537,67242
우레탄 발포제품,1225190,1133422
우레탄도료,367169,387389
우레탄폼 샌드위치패널,52933,40618
우산류,13249,19756
우산류 및 지팡이 부품,X,X
우편물취급기기,8484,6865
운동복,1750838,1649840
운동용 공,5960,4385
운동용 장갑류,X,X
운동화,388971,394087
운송장비용 플라스틱제품,12235144,12189056
워딩(솜) 제품,408317,401737
원당,X,X
원두커피,400084,404201
원심분리기,160968,147281
원유(채굴한 것),X,X
원자로의 부품,27103,23824
원추형 롤러베어링,235674,287101
원피,X,X
웨이퍼 가공 장비,2558494,3986113
위생용지,316927,287836
위성방송 수신기,1304007,1271821
위성방송 수신용 안테나,200220,202830
위스키,X,211072
윈치 및 캡스턴,63577,71688
유기계면활성제,1445781,1472908
유기질비료,608852,578819
유리거울(차량용 제외),54975,55974
유리단섬유,157492,155128
유리섬유 제품(직물제외),332063,340523
유리섬유직물,91322,80365
유리장섬유,156557,159539
유부,67363,66571
유선 전화기 부품,X,4387
유선방송 송수신기,93674,105919
유성 페인트,1845622,2067341
유아 및 어린이용 목제가구,28224,23507
유아용 내의(편직결합),56476,61331
유아용 의복 및 부속품,913978,767226
유압 및 공기압전송용 밸브,1126631,1061241
유압 펌프,733738,708016
유압기기 부품,623202,576306
유압실린더 및 유압시스템,1590344,1759601
유연제,81100,84238
유자차,192657,198886
육류 도축고기 부산물,121711,143536
육류가공기계,124230,104019
육상 금속 구조물,5317040,5168591
육지동물 통조림 및 병조림,51342,38892
육지동물 포장육,5000074,4550823
윤활기유,5693759,5968830
윤활유(석유기저),2811698,2563868
율무차,40670,40336
은괴,1774938,1596740
음료 베이스,372885,297130
음료 제조업,12036174,11940953
음성자동응답기,X,X
음식료품 및담배 가공기계 부품,19786,24349
음향기기용 자기헤드,X,X
음향기기의 전용부품,119522,274768
"의료, 정밀, 광학 기기 및 시계 제조업",25844056,27804069
의료용 물질 및 의약품 제조업,21441408,19543756
의료용 방사선 장치,751183,685939
의류 건조기,1026413,X
의류 부분품,91919,82543
의복 및 직물제품의 날염,30311,36682
의복 및 직물제품의 염색,57676,39337
"의복, 의복 액세서리 및 모피제품 제조업",14191325,14403307
의약품 원료,2065138,1825236
의약품제제,16290942,14835146
이·미용실 의자,X,X
이동식 금속 사다리 및 부품,36812,30211
이불,479036,431371
이산화규소,X,X
이산화탄소,175797,169253
이앙기,136764,127168
이어폰,115799,98882
이염화에틸렌(EDC),532460,X
이온 정수기,30507,31557
이유식(우유기저 제외),123093,102324
이퀄라이저,X,X
인공골재,87936,79296
인공신체,59641,45334
인버터,726669,754232
인산,94508,104243
인산비료,X,X
인삼과자,199265,155091
인삼분말,46885,43539
인삼음료,459186,580683
인삼즙,289295,328371
인삼차,72637,174754
인쇄 및 기록매체 복제업,568429,533699
인쇄 및 제본관련 기계 부품,105939,103070
인쇄기계,241377,269869
인쇄용 박엽지,126735,146379
인쇄판,534961,504370
인스턴트 커피,612092,356779
인조대리석,939817,946020
인조모피,X,X
인조모피 제품,X,
인조섬유편조물,479329,429000
인터폰,51279,66156
인형 및 장난감 부품,11728,4881
일반 단추,62851,79220
일반 유리용기,664485,618235
일반 전화기,44882,X
일반 합판,295347,270978
일반철근,4362398,4545348
일차전지,370287,260166
일차전지 부품,23889,23356
임팩트 프린터(충격식),55053,62831
잉곳 및 웨이퍼(태양전지용),41735,150917
잉크리본,X,X
잉크젯 프린터,59186,78244
잎(판상)스프링,102638,123171
자기 및 광 디스크,7644,12242
자기헤드(컴퓨터용),X,X
자동 자수기,X,16247
자동거래단말기(ATM),421268,295412
자동전기제어반,2033890,1836600
자동조절 및 원격조절밸브,665491,598406
자동조절기(공업용 제외)의 부품,74469,74204
자동차 KD세트(개조 및 분해),2471251,4317237
자동차 구조 및 장치 변경,57018,56067
자동차 및 트레일러 제조업,192799402,186412008
자동차 엔진용 신품 부품,14888744,15153311
자동차 재제조 부품,464680,521091
자동차 차체,1340736,1351007
자동차 차체용 신품 부품,22635445,22210782
자동차 튜브,190898,170631
자동차용  신품 의자,4659951,4898797
자동차용 센서,1032701,814315
자동차용 신품 의자 부품,1868420,1488525
자동차용 신품 전기장치의 부품,1641502,2124674
자동차용 철물,1193921,1149436
자동차용 프레스 가공품,4303065,4534264
자동차용 화합물,476430,598683
자동차용음향증폭기,X,X
자동차운반선,90426,217937
자동차촉매,1635243,1673876
자동창고시스템,184698,306838
자동판매기 및 화폐교환기,68509,84532
자동판매기 및 화폐교환기 부품,11250,10320
"자물쇠, 열쇠 및 관련 부품(자동차용 제외)",49204,50616
자수제품 및 자수용재료,43525,35641
자일렌(Xylene),1858074,1630290
자전거,26125,18272
자전거 및 차량용 조명기구,2656615,3515900
자전거 타이어,X,X
자전관,16973,15522
장갑(편직결합),215242,243827
장롱,625927,776257
장부류,X,9269
장석(채굴),X,X
장식용 도자기,X,X
장식용 조명세트,18168,20757
장식용 트리밍,X,X
장식장,146123,93574
장의용 목관,12970,13633
장판지,X,X
재료시험기,254332,284392
재봉기 부품,15520,13899
재봉사,67790,64608
재생 윤활유 및 그리스,109360,147291
재생 타이어,59479,84466
재생가죽,X,X
재생고무,44780,43379
재생목재,115431,36427
재생섬유사,132472,111006
재생수지,922034,912769
재생유,525293,496571
재생장섬유토우,40151,43121
잼 및 젤리 통조림,175788,197813
쟁기,15645,8847
저밀도폴리에틸렌(LDPE),3834218,4387283
저압배전반(전압1000v 미만),1338918,1343273
저울 부품,X,
저장용 금속탱크,1961752,1652567
저항 용접기,100421,95777
저항기 부품,54975,42714
적층가공지(박지),555386,664101
전구 및 램프 부품,105994,62491
전기 난로,24123,36507
전기 면도기,X,X
전기 및 전자기기용 플라스틱제품,2586071,2604727
전기 안마기,233052,135254
전기 애자 및 절연용 물품,111877,115675
전기 이발기,5735,6665
전기 후라이팬,30928,41397
전기·전자식 진단 및 요법기기 부품,87685,112478
전기ㆍ전자 및 정밀기기 수리,940141,917467
전기경보 및 신호장치 부품,86521,79958
전기고압용 축전기(>=0.5KW),56876,58596
전기공급계기,268270,426307
전기다리미,X,
전기담요 및 장판,142776,118599
전기도금 및 전기분해용 기기,65746,60862
전기량측정 및 검사용기기의 부품,142863,43878
전기레인지,157426,144628
전기로,265125,276667
전기보일러,16378,15837
전기비데,277792,303586
전기식 간판,529939,491219
전기식 교통 통제장비,189726,221548
전기식 교통통제장비의 부품,X,X
전기식 헤어드라이어,47763,44732
전기온수기,78962,61968
전기용 도자기,192431,216304
전기장비 제조업,82516438,79224106
"전기회로 개폐, 보호 장치 부품",341282,370122
전기회로 접속장치 부품,237406,256095
"전동기, 발전기 및 발전기 세트의 부품",925676,929541
전동차,1046132,935303
전등용 소켓,35866,37814
전등용 유리,12439,12953
전력선(송배전용),3665206,4066284
전시 및 광고용 조명장치 부품,169145,95100
전압조정기,16149,23451
전용기,670058,588404
"전자 부품, 컴퓨터, 영상, 음향 및 통신장비 제조업",250753678,269593274
전자 오븐,35782,72557
전자 커넥터(통신 및 전자기기회로용),1377174,1190050
전자계측기,450040,475962
전자기타,38226,37274
전자복사기용지(소매용),64182,61681
전자부품 실장기판,1776571,1941206
전자부품용 변성기,190617,183486
전자석 및 영구자석의 제품,80941,75797
전자수첩,X,X
전자식 모의훈련기기,60705,78512
전자악기 부품,13589,12631
전자유도 코일 및 쵸크,330347,322904
전자응용 가공 절삭기계의 부품,78897,104274
전자집적회로 부분품,1056537,968776
전자총,X,X
전자코일 및 인덕터의 부품,55134,52530
전자혈압계,5717,6310
전자회로용 가변식 축전기,46730,45051
전투용 차량,1273019,810071
전투용 차량부품,501167,503476
절단기,79378,79794
절삭가공,5835613,6127443
절연전선(옥내외 저압 배선용),1711645,1914713
절연코드 및 코드세트,1204124,1143655
점토기와,22345,19085
점토벽돌,167511,182857
점토타일,273743,324201
접착지,189805,188564
접착테이프,2945415,2657380
정류기,645100,633003
정미기,68012,62046
정보용지,739519,491437
정수기,853549,1139161
정제당,1090859,1098584
정제어유가공식품,30230,21050
정지형 변환기의 부품,130531,135046
정형외과용 기기,202585,191545
정형외과용 기기 및 보청기 부품,40965,26234
제 조 업(10~34),1491723515,1517922862
제강용선철,X,X
제동기,66334,39722
제분 부산물,X,33987
제빵용기계,77153,71338
제올라이트,44803,45251
제재부산물,54771,43383
제철소 부산물,383051,X
제트유,16308183,16999680
젤라틴,166150,124347
조개통조림,X,
조립식 건축자재(콘크리트제),301911,279515
조립식장난감,100324,135509
조립용로봇,604885,674499
조명장치 부분품,182245,109930
조미오징어,289967,299937
조미쥐치포,32058,35175
조제계면활성제,283442,317168
조제분유(우유기저),333707,305346
조제수프,67049,100967
조제윤활제,204020,171077
조타기,16691,10542
조화 및 모조 장식품,17794,56070
종이 가방,191371,178232
종이 기저귀,643895,776405
종이 라벨,659496,601413
종이 및 플라스틱 고정축전기,17114,27887
종이 생리대,366874,210374
종이 타월,666897,635535
종이 포대,251990,229794
종이벽지,277307,390148
종이제조 기계(초지기),39776,45738
주기판,41310,47881
주문형 목제가구,144522,164490
주물용선철,104026,167881
주물주조기계,196044,213096
주방용 또는 식탁용 목제품,24728,29345
주방용 전기기기 부품,405160,535410
주방용 합성세제,317337,330328
주사기 및 수혈세트,467424,477724
"주석 압연,압출 및 연신제품",52177,43227
주석괴,10052,18551
주석도금강판,704398,841572
주정,490870,413210
주차기,291846,268997
주철관(주조한 것),375865,429667
주철제 관연결구류,182306,154282
주파수 공용통신 단말기,57996,46716
주화,203945,228975
중궤조,X,X
중대형 교류전동기,249205,507211
중대형 직류 및 교류겸용 전동기,1340354,500921
중대형 컴퓨터,348626,260313
중앙통제실 송신용 칩입 및 화재경보 시스템 제조,77223,71107
중유(벙커B유),412664,357144
중질지,244872,198518
중형냉장고(201ℓ ~ 400ℓ 이하),X,450263
중형버스,330404,X
중형승용차,6067991,4579178
중형트럭,X,X
"중후판(두께 3mm이상, 스테인리스제 제외)",7120238,6662533
증류기 및 가스발생기,143712,109649
증류기 및 열교환기의 부품,215325,238591
지갑,110278,207663
지관(판지 및 골판지 이외),278642,307141
지구베어링,163304,209467
지상파방송 송수신기,X,X
지팡이,X,X
지퍼,144124,172004
지폐용지,X,X
직기,10854,10993
직물 염색,1147431,1139931
직물벽지,154629,79776
직물슬리퍼,X,X
직물원단 날염,270498,303907
직물제 필터,175714,154257
직물포대,195823,202307
직접염료,41678,42877
진공 및 열성형기,65523,94204
진공 펌프,744933,1190773
진공형광관,X,X
진단용 시약(의료용),503030,400008
질산,139783,145879
질소(Nitrogen),1347326,1163750
집진기,398225,348947
차량 에어컨용 압축기,1155763,825395
차량용 가솔린엔진,1401654,2064234
차량용 거울,637998,646711
차량용 공기청정기,106211,84698
차량용 납(연)축전지,6735206,6112364
차량용 도난 및 화재 경보기,24679,27173
차량용 디젤엔진,1544270,1339097
차량용 안전유리,741926,693749
차량용 에어컨,2378995,2714038
차량용 오디오,409340,640906
차량용 조명 및 전기장치의 부품,1294037,660542
차량의자 카바,1134255,1253482
"차축, 차륜 및 부품",42750,22553
착색 가공석제품(건설용),33342,21846
착화탄,11667,13433
찬장,108897,72231
참기름,173174,195817
참치통조림,479884,458468
채소 통조림,22739,12041
채소음료,40614,48583
채소주스,41121,62380
채종유(유채유),22793,25517
천막 및 덮개(직물),442267,420987
천연 자갈,66966,60156
천연 접착제,203023,203509
천연가스(채굴한 것),X,X
천연모피 의복,164780,189369
천연모피(유연처리 또는 완성가공한 것),X,X
천연색소,X,X
천일염(채취한 것),22958,20063
철강 절단품(구입한 강재 절단),7501113,7933171
철광(채굴 및 정광),X,X
"철도, 궤도의 유지·보수용 차량",X,X
철도선로장치물,301453,189431
철도차량 개조 및 재생,15083,X
철도차량용 의자,9956,20831
철망,661147,657732
철분(철분쇄물),185123,176271
철제수문,93287,92357
청소용 비 및 솔,149421,146310
청소용 포(직물),118017,129858
청주,X,X
체인(동력전달용 제외),49727,50271
체인(동력전달용),181589,172100
"체조,육상 및 체력단련용 장비",255096,228627
체크 밸브,240935,240721
초산,180841,300535
초산비닐,X,X
초산에틸,X,X
초음파 기기,44366,102797
초음파 세척기,55428,56432
초음파진단기,958566,1107883
초콜릿류,768661,767759
축전기 부품,194423,189088
축전지 부품,3048418,2347818
춘장,36090,18512
충전기(포장겸용),256795,225333
측량기 및 항해용 무선기기의 부품,46255,29570
측량기기,419125,150812
치과 및 치과기공소용 기기의 부품,26056,21651
치과기공소용 기기,33935,27216
치과기공소의 제품,379036,316022
치과용 기기,249149,181167
치과용 의자,66930,64027
치과용 임플란트,630813,583343
치약,217358,407502
치즈,753251,672504
"치커리차, 보리차 및 옥수수차",201840,205642
친환경차,8342755,5046055
침구용 카바,135625,162885
칩마운터,477277,616803
칩상 또는 삭편상의 목재,116356,92147
칩형 고정저항기,14530,91950
칫솔,168493,162767
카레,78934,51108
카본부러쉬,75974,71944
카본블랙,827829,933032
카페트,103716,89241
카프로락탐(CPLM),X,X
칼 및 칼날(식탁용 나이프 제외),64314,60576
칼라강판,2241046,2881524
캐스터(소형바퀴),83797,78312
캔디류,374600,362369
캠코더,X,X
커넥터(일반전기접속용),2372215,2410247
커버링사,129528,145539
커튼 및 블라인드 부품,12604,11155
커튼 및 유사제품,416235,433855
커피 음료,880616,1009939
커피 크리머,131748,132261
커피믹스,602040,358809
컨베이어,2356334,2303289
컨베이장치류 부품,169467,152361
컨테이너(화물운송용),57791,56125
컨테이너선(철강제),4832514,4361355
컬러TV용 음극선관,X,X
컴퓨터 단말기,37833,31897
컴퓨터 케이스,32000,28786
컴퓨터 프린터 부품,84578,35641
컴퓨터용 모뎀카드(PC용),X,X
컴퓨터용지,115297,134667
컴퓨터주변기기 전용부품(기억장치부품제외),260308,260746
케이블TV 수신자용 기기,35863,67333
케이블TV 수신자용 컨버터,13416,21651
케이스(가죽 및 섬유제),146434,206902
케이크(제조도매),800707,822174
케찹,95941,83640
코드없는 전화기세트,X,9638
코일스프링,768189,740166
코코아 분말,17315,50313
"코크스, 연탄 및 석유정제품 제조업",113581814,119440834
콘센트,212485,197474
콘크리트 기와,12334,8015
콘크리트 벽돌,96587,103418
콘크리트 벽면,219718,223496
콘크리트 블록,697811,653732
콘크리트 전주,167478,160268
콘크리트 타일,66638,85629
콘크리트 파일,537708,625409
콘크리트 펌프카,225362,261236
콘크리트경화제,505152,549973
콘크리트믹서,68684,70538
콘크리트제품 제조기,39871,34805
콘택트렌즈,310712,293786
콜라,706510,630299
콜롱,X,X
콜크 및 콜크제품,X,X
콜타르(조상의 것),105044,182386
콜타르피치,220032,179671
콤바인(농업용),156031,125228
콩가루,4620,2417
콩기름(대두유),697238,675539
크라프트지,188703,198098
크레용 및 파스텔,13639,10723
크롬도금강판,80748,72690
크림,2526039,2126246
키보드,57814,62389
키폰세트 및 시스템,X,
타월(직물),179067,184767
타이어 및 튜브 부속품,112934,123512
타이어보강 강선,390385,479029
타이어코드 및 타이어직물,413177,338771
탁주,313286,318732
탄산칼륨,X,X
탄산칼슘,264155,292721
탄소 가변저항기,X,X
탄소섬유,264139,133861
탄소전극 및 흑연전극,229579,195038
탄소피막형 고정저항기,46560,40530
탄탈륨 축전기,X,X
"탈지면, 거즈, 붕대 및 유사제품",320490,276846
태블릿PC,710435,660292
태양광모듈,2444795,2517094
태양광발전시스템,359435,235548
태양광웨이퍼,X,X
태양전지,498526,397080
태양전지 제조장비,46123,53489
태양전지용 유리,4228,4208
"탭, 밸브의 부품",596108,600228
탭핑기,X,15993
탱커(철강제),4516656,5659006
터빈,87807,116100
터빈 부품,119527,105803
터치스크린 패널,341258,1151448
텅스텐(중석) 압연 및 압출 제품,187657,235526
텅스텐분말,X,X
테레프탈산(TPA),3716894,3851406
텐트,42167,36343
텔레매틱스 단말기,X,X
텔레비전의 부품,323899,262415
토공기계,118265,131342
토기제품,5697,X
토너 및 토너카트리지,43922,62409
톨루엔,889108,995411
톨루엔 디이소시아네이트(TDI),862351,1270933
톱(수동식),57566,47124
톱기계(금속용),20254,22127
톱날,121442,108906
톳,30420,30116
통신 및 컴퓨터용 전원장치,289525,224129
통신선,961422,721097
투명전도막 코팅유리,92007,98023
투영기,7897,7699
트랜지스터,569225,281910
트레일러,138382,146419
트레일러 부품,26997,22817
특수강 단조물,1071204,943057
특수강 주물(합금강주물),411301,426435
특수목적용 변압기,171527,87934
특수목적용 자동차,648241,1124093
특수선박(상업 및 군사용 제외),2876118,2197976
파라자일렌(P-X),13108856,15697622
파라핀,147810,100093
파우다,163036,172421
파일직물,228808,251566
파티클보드(PB),340919,181482
판금제품,3147137,3329673
판유리,567631,703118
판유리제조기,18629,20839
판재,110708,108316
판지상자 및 용기,674043,692249
패키지에어컨,953740,1155990
팩시밀리,X,X
팬코일유니트,96953,89143
펀칭기,16206,20894
펄프 및 종이제조 기계 부품,37171,38650
"펄프, 종이 및 종이제품 제조업",23064420,23225149
펄프제조기계,23806,18877
페놀,401885,453425
페놀동박적층판,566142,617634
페놀수지,179868,173014
페놀인쇄회로기판,1260673,903685
페라이트 코아(철심),113738,106702
페인트용 롤러 및 붓,X,X
펠트,208165,181436
편광재료용 판,X,
편물사,97680,88189
편조제품(의복 및 의복액세서리 제외),X,X
편직기,51061,51345
편향코일,X,X
평판디스플레이 제조용 기계,5636262,7244328
평판디스플레이 제조용기계 부품,455039,752429
폐쇄회로 카메라,2234106,1889889
포도당,67605,44400
"포도주, 샴페인",26329,15679
포르말린,X,X
포장기,594771,568268
포장기 및 용기세척기 부품,38542,49217
포장석,X,X
포장지,380914,369549
포크리프트 트럭(지게차),1264958,1377275
포토마스크(Photomask),690417,629301
폭죽 및 조명탄,22074,32153
폴리스티렌 발포제품,2562737,2756177
폴리스티렌(PS),1628435,2010035
폴리스티렌(PS)필름,64371,85779
폴리실리콘,853365,959456
폴리아미드섬유,1088323,1074725
폴리에스터(PET)필름,2253514,2242242
폴리에스터섬유,1770871,2421571
폴리에틸렌(PE)필름,2025344,1751004
폴리에틸렌테레프탈레이트(PET),649639,722988
폴리염화비닐(PVC)필름,766216,718632
폴리우레탄,751933,872398
폴리테트라 메틸렌 에테르 글리콜(PTMEG),X,X
폴리프로필렌(PP),8358268,8827918
폴리프로필렌(PP)필름,867247,811711
폴리프로필렌글리콜(PPG),1206113,1167172
표구 부속품,34389,33189
표구 제품,17193,13596
표권 발행기,47261,38139
표면처리 및 방부처리목재,237040,229674
표시기,206556,275800
퓨즈,60308,41222
프라스틱 및 고무제 운동화,24528,X
프레스용 금형,3908001,3761670
프로그램 콘트롤러,629900,647243
프로판가스,1223593,1295183
프로필렌,5133039,5450970
프로필렌글리콜(PG),X,X
플라스터,29103,31434
플라스틱 뚜껑,676421,732123
플라스틱 및 고무 슬리퍼,49829,50949
플라스틱 및 고무제 운동화부분품,105677,126364
플라스틱 및 기타 소재의 가구 부품,92316,88508
플라스틱 병,1959148,1753800
플라스틱 봉투,1837560,1764927
플라스틱 사무 및 문구용품,117707,106825
플라스틱 사출성형기,1003297,987337
플라스틱 샤시바,641615,650454
플라스틱 시트 및 판(포장용 제외),650182,661516
플라스틱 시트 및 판(포장용),1232153,1235392
플라스틱 압출성형기,166815,148483
플라스틱 연결구류,409173,508691
플라스틱 자석,17662,13687
플라스틱 적층품,1516884,1788789
플라스틱 주방용품,835907,864901
플라스틱 창문 및 문,1497072,1674538
플라스틱 타일,1082775,912993
플라스틱 파이프,1171886,1106272
플라스틱 프로파일,328939,300589
플라스틱 헬멧,107130,113575
플라스틱 호스,292158,332181
플라스틱벽지,44573,77468
플라스틱용 금형,3190828,2886106
플라스틱장판,460250,495651
플라스틱제 가구,247017,258808
플라스틱착색제(마스터배치),491828,555549
플라스틱필름(포장용 제외),1307910,1310481
플라스틱필름(포장용),1269712,1368928
플러그(전기접속용),93814,104240
플레인베어링,212450,224362
피임용 기구(고무제),X,X
피자(제조도매),12736,15095
픽업,X,X
필기구의 부품,9070,X
필기용 잉크,25681,38190
하드디스크 드라이브,42277,40671
하이브리드 집적회로,47724,72800
학교 및 공공장소용 가구,145091,140180
학생용 가방,9850,16663
학생용 교복,214702,210550
한복,11139,14863
한의약품,509801,472052
할로겐 전구,58272,54779
합금철(페로얼로이),2263027,2282638
합성수지 접착제,1725647,1836341
합성수지선 수리,7051,3080
합성장섬유토우,X,
합성피혁,773314,833310
항공기 개조 및 재생,286094,X
항공기 부품 수리,126334,98145
항공기엔진 부품,990365,965170
항공기용 엔진,X,X
항공기용 의자,4254,13983
항온항습기,410390,404773
핵연료,X,X
핸드백,991367,757413
핸드폰케이스,728560,612224
핸즈프리,X,X
햄(가축),819591,756168
햄머,X,13099
향수,23197,40357
향수 및 화장품용 스프레이,X,X
허브 및 네트웍관련 스위치,22387,54659
헤드폰,55981,115337
헤어스프레이 및 무스,6483,8349
현금자동지급기(CD),94575,94850
형강(보통강),2447259,1304542
형강(특수강),1760531,1750094
형광등(램프),70493,54294
형광등용 안정기,122506,147475
형광등용 안정기의 부품,12050,12301
형광염료,44413,45131
호이스트,211358,215840
혼방견직물,24503,17306
혼방면직물,250803,233332
혼방방모사,64806,61910
혼방방모직물,17942,25499
혼방소모사,23167,30231
혼방소모직물,57326,61917
혼방합성섬유사,339077,412586
혼방합성섬유직물,995290,1184470
혼합 조미료,1149116,1470043
혼합부탄,208324,205599
혼합장,34097,27103
홈네트워크 장비,47530,77322
홍삼,306928,393551
홍차,20350,30425
화강암 원석(파쇄되지 않은 것),158177,99570
화물용 기차,X,X
화약 및 폭약,360602,516505
화운데이션,771377,1007299
화이트카본,X,X
화장 비누,261817,280614
화장대,34863,41821
화장수,620502,724790
화장용품,153691,139490
화장지,1204661,1263019
화학 물질 및 화학제품 제조업; 의약품 제외,161874422,172435217
화학 살균제(농업용),400032,364532
화학 살충제(농업용),517849,531807
화학 생장조절제,21129,25571
화학 제초제(농업용),214443,268247
화학제품 제조기계,259551,239167
화학펄프,X,X
환자감시장치,20574,13424
환자용 차량,34251,28835
환자용 차량 부품,X,X
활석분,122160,112264
활성탄,90607,75493
황,262545,230943
황산,357389,263797
황산마그네슘,X,24709
황산알루미늄,89902,73439
황산암모늄,X,X
황산칼륨(황산카리),X,
회전위상변환기,95160,107914
회주물(보통주철),2546602,2643640
효모,34044,36820
효소식품,348530,254408
후추가루,54942,49636
휘발유,15812517,17916684
휴대용 시계,30656,28116
휴대용 연료,X,X
휴대용 저장장치,62496,99166
휴대용 전등기구,16233,15118
휴대용 전화기,16586774,17861039
휴대용전화기 KD세트,X,2123799
휴대폰용 카메라모듈,6754134,5599671
흄관 및 VR관,176933,249342
흑연 및 탄소제품(비전기용),116632,101854
희소가스,X,X
