품목별,값1,값2,값3
1차 금속 제조업,134061955,138157880,135407612
ABS수지,3690188,3661799,3660810
ASIC 로직,1075947,1237486,1764699
BLU용 광학필름,1063683,1089674,992583
BPA(비스페놀A),876362,1173488,1011610
BR,1058862,1030520,1085110
"CD플레이어, 레코드플레이어 및 턴테이블",X,,
CMOS이미지센서,2359573,3001851,2998098
D D I,3332348,3238511,3507816
D RAM,66270122,87731226,60266604
DMB 송수신 기기,26997,23020,35464
DVR,174505,204755,128414
ECH(에피클로로히드린),X,X,X
EMC(에폭시몰딩컴파운드),208388,147804,236646
FPD TV,3924348,3987642,3760976
Flash 메모리 (모듈포함),19390115,13326641,12158353
GPS 시스템,145413,142996,188525
K-RESIN,X,X,X
Key Pad,420698,293043,208550
LCD용 백라이트 유니트(BLU),930645,1032272,816992
LCD용 유리,3332109,3141279,2873030
LCD용 컬러 필터,X,X,143647
LCD편광필름,4967687,5664063,4354258
LED 에피칩,X,X,X
LED 전등,1088499,1075717,1126566
LED(OLED),4108828,3345884,6063468
MDF(중밀도섬유판),696831,697540,393267
MP3 Player,X,X,X
OLED 패널,13230082,21492650,17600954
OLED용 유리,165611,260133,306113
PC 카메라,X,X,X
PCM(색순도집속장치),X,,
PDA(휴대용 정보단말기),137589,153427,129603
PDP,28719,11417,6655
PDP용 유리,X,12357,X
PDP필터,X,X,X
PETG수지,X,X,X
PR(포토레지스터),1223321,1239914,1376797
PS인쇄판,53797,63944,81124
PVC수지,2017112,2052073,1762290
PＣ강선,301578,342143,307231
RFID(전자테그),163910,153650,162062
RV자동차(다목적 승용차),41139415,38182436,38170105
S RAM,X,X,X
SAW Filter(표면탄성파 필터),439555,293311,295973
SBR,1072656,1000626,461550
SB라텍스,1231888,1216250,1818348
SSD(solid state drive),2074606,1983903,X
TV 및 음향기기용 목제캐비닛,3416,2980,2982
TV용 LCD,26229255,16868662,13562961
WiBro 단말기,X,X,
WiBro 중계기,31577,33140,20937
가공 및 정제염,114164,92219,84491
가공합판,496005,485968,451416
가구 제조업,7521523,7650959,7612955
가구용 철물,339423,352522,301747
가구용 플라스틱제품,185694,186058,180876
"가금류 소시지, 통조림 및 병조림",6776,7868,8838
가금류 포장육,1274275,1541252,1394263
가단주물,113449,120253,90764
가라기난,X,X,X
가발 및 유사제품,22644,18668,21486
가발제조용 원사,90122,81427,99023
가방 부착용 철물,22235,23214,21815
가소제,1055241,1169062,1063209
가스 난로,2591,1266,X
가스 용접기 및 절단기,148328,204693,76692
가스공급계기,158105,135254,108278
가스레인지,205299,202019,217944
가스및화학운반선,9620683,8136716,10532120
가스오븐레인지,214409,256936,572255
가스총,X,X,X
가위,28815,31551,20220
가정 및 상업용 저울,64056,61959,58212
가정용 가스 보일러,862252,674361,864955
가정용 가습기,17507,22118,7371
가정용 가죽제품,102696,100613,97777
가정용 고정식 조명장치,711968,739994,640601
가정용 금속제 주방가구,109085,84226,86442
가정용 기름 보일러,47889,31128,89457
가정용 도자기,114556,109748,90773
가정용 비전기식 조리 및 난방기기의 부품,161745,160402,153498
가정용 비전기식 휴대용 조리기기,49694,47672,51987
가정용 생물 살균 및 살충제,20688,22861,21534
가정용 선풍기,64691,105035,102986
가정용 세탁기,2567056,1897522,1046471
가정용 식기 세척기,299107,281446,518078
가정용 압형제품(스테인리스제),519795,583143,786316
가정용 압형제품(알루미늄제),316643,296131,309534
가정용 오디오,X,X,X
가정용 온풍기,15749,15343,16641
가정용 유리제품,109345,93458,110260
가정용 이동식 조명기구,82772,76877,61167
가정용 전기 밥솥,528550,355160,439112
가정용 전기믹서기,266996,237465,192720
가정용 전기식 난방기기의 부품,104106,70081,96310
가정용 전기식 식기 건조기,38958,52423,46098
가정용 전기청소기,328825,507193,451339
가정용 전자레인지,190461,55482,22385
가정용 펌프,252971,180306,162417
가정용 화학 살균 및 살충제,276185,308443,287078
가정용 환풍기,81091,94341,77111
가정용품 덮개,X,X,X
가죽 등산화,113759,374257,371575
가죽 및 신발제조 기계,46079,32649,38282
가죽 샌달,26797,30052,34284
가죽 슬리퍼,6637,X,X
가죽 장갑,18670,17160,17689
가죽 장화,27381,17577,17541
"가죽, 가방 및 신발 제조업",4856942,4823751,4653278
가죽제 신발부분품,115004,79144,84135
가황촉진제,51493,52733,63200
각재,574627,533006,466322
간장,317528,377969,384434
간판 및 광고진열물(비전기식),541840,585983,619709
갈바륨강판,1383039,1259762,1379641
감광성 반도체소자,353409,217750,176636
감압 밸브,270808,280706,272846
갑각류 냉동품,119023,79485,77853
강관 가공품,4345895,4105034,3697702
강관 연결구류,1852206,2071374,2227351
강괴,485025,180989,X
강선 수리,201305,218263,208511
강화마루,146242,125675,138738
개인위생용 솔,175268,155755,142336
거실 및 서재용 목제가구,612587,616540,649485
건강원제품,105289,84578,78607
건과자류,636292,725302,596557
건물석,28061,25170,24277
건물용 철물,647502,681968,665224
건물용철문,354184,474850,440541
건반 악기,X,,
건반 악기 부품,X,X,X
건설ㆍ광업용 기계 및 장비수리,212425,163044,170075
건설용 기계 부품,2734379,3325707,2940779
건설용 석제품,289806,290705,278362
건설용 쇄석(석회쇄석 제외),1377595,1470410,1366030
건설용 천연모래,452276,287434,234574
건설용 크레인,144995,111876,118182
건조 채소,122233,90780,89437
건축용 금속 공작물,1944763,2009168,2153248
건축용 비내화 요업제품,8610,7134,6340
건축용 안전유리,628588,590084,567983
게임기컨트롤러,X,,
견과 가공품,277093,269340,278845
견사 및 견방사,X,X,X
견편조물,187389,194097,161114
경강선 및 피아노선,479039,510786,522574
경궤조,X,X,X
경버스,X,X,X
경승용차,1960016,3016607,6898701
경운기,49836,72691,75482
경유,30909152,39851844,37149630
경질중유(벙커A유),X,X,X
경트럭,X,X,X
계란 및 새알 가공품,426988,406181,429990
계산관련 기기의 전용부품,27605,29448,25154
계전기,202804,180770,214355
고구마전분,17871,13911,24611
고령토(채굴),24990,21663,5700
고로슬래그시멘트,896383,833325,749366
고무 가공기계,81639,76151,82764
고무 관 및 파이프,89215,183650,125351
고무 매트,294628,274912,294551
고무 및 플라스틱 가공기계 부품,46056,56257,52860
고무 및 플라스틱제품 제조업,67483745,66973854,67789616
고무 보트,41272,26848,28420
고무 자석,11519,4859,5602
고무 장갑,83663,101133,79916
고무도포 사,X,X,X
고무도포직물,58580,49989,50003
고무벨트,250906,255119,270306
고무스펀지 및 발포성제품,285606,318251,300453
고무장화,38604,26779,29119
고무젖꼭지,30604,29586,6640
고무줄 및 밴드,66101,59966,55091
고무직물,X,X,X
고무패킹,1732004,1810675,1782204
고무호스,776892,851629,883992
고밀도폴리에틸렌(HDPE),3940068,4386651,3685461
고순도이소프탈산,X,X,X
고압 차단기(1000v 이상),1480872,1293794,1006593
고압배전반(전압1000v 이상),1376176,1471150,1629464
고장력철근,2791097,2461551,1959807
고추가루,242212,268070,309333
고추장,448194,404235,351238
곡물 혼합 분말 및 반죽,813984,857359,881493
골뱅이통조림,60794,53855,47941
골판지,945974,1064827,950409
골판지 상자,4055165,4309949,4401774
골판지원지,2550461,2545623,2431736
골판지제조기,33166,27611,25459
골프용품,165685,166744,185500
공기조절장치 부품,1971888,2101694,2083342
공기청정기,705582,987272,1156571
공압실린더 및 공압액츄에이터,330106,332249,290348
공업계기의 부품,126128,153398,151907
공업용 고무롤,153968,101384,99476
공업용 고무판,89517,98634,104107
공업용 비누,X,,
공업용 재봉기,21313,19390,54173
공업용 지방산,X,X,X
공업용 천연모래,97249,100502,104331
공업용로,300162,481712,488011
공작기계용 절삭공구,2139121,2322546,2206006
공해계측기,224120,288005,282817
과당,365077,295344,252492
과산화수소,486370,530492,531786
과실 통조림,48622,54376,49625
과실음료,946694,817773,673546
과실주스,143470,107118,110141
관악기,9070,X,X
광 업(05~08),3369343,3203020,3047608
광디스크 드라이브,X,X,X
"광물용 파쇄, 마쇄 및 선별기",270113,258692,255998
광물처리장비 부품,23038,24705,23209
광선치료기,377305,399334,453047
광섬유,X,49798,1637
광섬유 케이블,542757,390393,664065
광업 및 제조업,1468456498,1521125882,1494771123
광업 지원 서비스업,X,X,X
"광전송 장비(다중계기, 분배기)",485297,437250,381884
광통신기기 부품,633347,669073,714957
광학렌즈,2575773,2243965,945843
광학필터,92916,85287,75509
광학현미경,61811,69640,81749
교량,413939,491938,426596
교환기 부품,20325,27849,31880
구두약,X,6557,3250
구상흑연주물(덕타일 주물),151094,175997,213882
구입한 수지의 배합물,1203101,1375103,1300368
구입한 압축 및 액화가스의 정제,135148,102478,124376
국수,292204,308830,306377
국악기,2442,X,X
군사용 무기 및 부품,5152753,5477474,5676624
굴 통조림,18029,11545,19206
굴삭기,4666158,4642594,4663236
권선(마그네틱선),966637,955185,814876
권선기,24776,33956,31200
귀금속 2차정련품,82364,85592,178803
귀금속 압연 및 압출 제품,98441,88646,150812
귀금속제의 세공품 및 부품,57643,81411,116726
귀금속제의 신변장신구 및 부품,601965,714345,764251
귀석 및 반귀석(원석을 1차가공한 것),13323,20483,29830
규산소다,67954,61000,67168
규석(채굴),24278,23802,17135
규석분,65420,89803,79676
그라비아 잉크,269208,274099,275019
그라스울 샌드위치패널,X,58737,43298
그래픽 카드,X,X,X
그리스(석유기저),83653,107596,92645
그림물감,26649,33334,32016
그외 악기,4014,X,X
그외 전기식 악기,X,X,X
극소형 조립회로,3973192,4028328,3880760
글루타민소다,X,X,
글리세린,25656,34694,39243
금·은 및 백금 광업,X,X,X
금고,123119,114168,119641
금고 부품,9905,10833,9039
금괴,2534762,2368568,2918928
금속 가공제품 제조업; 기계 및 가구 제외,70984326,69442114,71323007
금속 광업,X,X,X
금속 단조기,14079,13524,14716
금속 압연기,83602,65634,61064
금속 열처리 제품,888150,869330,949473
금속 인발기,9816,8856,9603
금속 전단기,54442,45901,36822
금속 절곡기,113050,143883,127772
금속 튜브용기,127980,108142,100145
금속 표면처리기,457506,503117,420737
금속가구 부품,66147,65606,84338
금속선 가공기,56910,34492,45504
금속성형기계의 부품,33680,38758,55565
금속절삭가공기계의 부품,250810,214786,293853
금속제 모조 장신용품,130322,128123,66924
금속제 서가,63699,66200,81868
금속제 식탁용품(식기제외),38935,32241,50503
금속제 액자틀,9172,8966,X
금속제 영구자석 제조,120144,124430,121166
금속제 조립식 건축물,375595,395022,450884
금속제 조립식 건축물용 판넬,1899044,1793251,1613115
금속제 진열장 및 라커,327333,313393,270034
금속제 창문,1200364,1091139,1181185
금속제 칸막이,137749,124058,117768
금속제 캐비닛,214904,214625,191696
금속제 파킹 및 가스켓,194586,175198,202805
금속표면처리용 화합물,847288,1146969,1297373
금속표시판,295484,256804,293593
금전등록기,113432,163733,144523
급유 및 계기용 펌프,133037,163292,206904
기간통신사업용 교환기,21362,24032,41689
기계 프레스,752460,555031,513146
기계식 동력전달장치 부품,120714,112887,152348
기계용 내연기관,911889,1005766,1034194
기기용 앰프셋트,179064,202032,94360
기념석,18778,20426,20410
기압식 기체펌프 및 압축기,138778,85881,111239
기어 및 기어링,601244,577451,612552
기어절삭기,11292,10853,9708
기억장치 부품,27492,26813,24744
기중기차특장,189758,194353,277808
기체 여과기 및 청정기 부품,577366,568077,666198
기체 펌프 및 압축기 부품,97574,100670,105416
기초공사기계,44442,45471,38223
기타  가정용 난방기기,39824,75656,85532
기타 1차 유리제품,5389,34418,19165
기타 LCD,7095791,4688172,3607728
기타 TV,59893,33860,50276
기타 TV송수신기,X,X,X
기타 가공지,180256,150656,120483
기타 가공차,184296,303641,208244
기타 가금고기 부산물,27319,85514,41145
기타 가금류 가공품,434695,542337,615027
기타 가금류고기,X,X,
기타 가방,55401,41370,53511
기타 가변저항기,X,X,X
기타 가성소다,351902,344380,381277
기타 가정용 금속가구,169466,172028,122921
기타 가정용 목제가구,113146,104938,150841
기타 가정용 전기기기,119406,141867,173279
기타 가정용 전기기기 부품,1114608,1156156,1103176
기타 가정용 전기식 난방기기,44855,44832,47137
기타 강관,320310,314348,131966
기타 개폐 및 보호관련 기기,174182,168921,186545
기타 건강기능식품,975798,1231005,1712370
기타 건강보조용 액화식품,59005,86211,139234
기타 건설용 기계,88519,103310,99427
기타 건설용 트랙터,X,X,X
기타 건축용 비내화 요업제품,X,X,X
기타 건축용 플라스틱 조립제품,756973,718987,617043
기타 검 및 나무화합물,71358,89410,98265
기타 경지정리용 기계,128388,133739,118546
기타 계산 관련기기,11210,12718,37448
기타 고기가공품,1072246,1361988,1507149
기타 고무제품,95152,113634,107625
기타 고정식축전기,X,X,X
기타 고정저항기,12818,7823,7634
기타 곡물가공기계,11516,10627,10705
기타 곡물가루,146743,149341,165069
기타 곡물조제식품,142384,114447,137966
기타 곡분과자,115548,123795,125411
기타 골판지제 관련제품,56042,47262,31588
기타 공기조화장치,372441,330460,286446
기타 공작기계,324391,260935,243295
기타 공작기계 부품,55843,56123,47146
기타 공작기계용 부속물,105403,97392,114399
기타 공장용 음식료품 제조기계,204992,208419,204170
기타 과실 및 채소 절임식품,263041,270877,285856
기타 과실가공품,94824,103480,122283
기타 광물제조장비,10320,9131,9717
기타 광산 기계,35488,24730,14422
기타 광업 지원 서비스,X,X,X
기타 광택제,52216,51828,59534
기타 광학기기,167375,298564,274756
기타 광학기기의 부품,92410,147215,233309
기타 광학요소 관련품,29243,29365,29947
기타 궐련,X,X,X
기타 궤조 및 철도선로자재,X,X,X
기타 귀금속 1차정련품,X,124215,104893
기타 금속 무기화합물,233747,243140,265531
기타 금속 위생용품,112844,119317,86540
기타 금속가구,50854,57199,64385
기타 금속성형기계,50673,50841,67484
기타 금속스프링,164510,268336,218396
기타 금속절삭가공기계,114269,93211,109880
기타 금속제 문,712950,673822,652862
기타 금속제 장식용품,132174,123548,125435
기타 금속제 주방 및 식탁용품,19540,18886,36823
기타 금속주조 및 압연기 부품,73228,69604,67393
기타 금속처리 제품,816236,733735,775437
기타 금속파스너,52225,54558,60809
기타 금속포장용기,747314,701438,682388
기타 금형,974367,870476,881846
기타 기계 및 장비 제조업,121692348,122409792,116727647
기타 기계식 동력전달장치,86827,115505,87134
기타 기계용 플라스틱제품,1070442,987996,1142603
기타 기록매체 복제물,X,X,X
기타 기억장치,22451,9489,8223
기타 기체 및 액체공급계기,7372,7998,4084
기타 기체 여과기 및 청정기,307505,342095,294682
기타 기체펌프 및 압축기,126562,160059,76283
기타 기초유기화합물,1255885,1298805,1384377
기타 낙농제품,300763,262778,278103
기타 낚시용구,20088,24209,39207
기타 남성용 편조 외의(편직결합),38013,31518,26044
기타 납(연)축전지,144736,64007,84106
기타 냉동장비,18632,23115,29827
기타 냉동조리식품,1496714,1565318,1727260
기타 냉연강판(스테인리스제 제외),3237051,3360011,3194419
기타 농업용기계,123581,113639,95474
기타 당류,68874,88320,80531
기타 도금 및 피복처리 강재,200152,80931,97356
기타 도금강판,421348,286003,274440
기타 도료 및 관련제품,275737,232940,227354
기타 도정 곡물,69316,45315,65637
기타 도축고기,X,X,X
기타 동물가죽,12369,14318,X
기타 두발용조제품,213972,237255,253553
기타 망,136636,123528,146540
기타 모노리식 디지털 집적회로,X,X,31193
기타 목제 주방가구,90118,91934,81258
기타 목제품,67443,98370,117372
기타 무기산,X,X,35005
기타 무기안료,94011,69867,93442
기타 무선 통신전화기,41856,17450,X
기타 무선통신 시스템,1167616,766752,134714
기타 무선통신기기,127255,161203,154589
기타 묵 및 유사제품,58514,61852,65879
기타 문구용 종이제품,104146,81727,91064
기타 물질 측정 및 검사기기,713226,868636,808502
기타 물품취급장비,96277,105325,135612
기타 바이오 연료 및 혼합물,X,7609,29314
기타 반도체 메모리,6171633,6877607,24285206
기타 반도체 제조 장비,1940940,1701205,2702789
기타 반도체개별소자,199739,256263,294864
기타 반도체소자 부품,1568588,1630076,1811699
기타 발효주,14555,16968,29717
기타 방송국용 기기,11884,7523,27315
기타 방전램프,33992,29628,14192
기타 밸브,258870,273350,310122
기타 베어링,327919,277734,283718
기타 봉제의복,75707,75695,136064
기타 부정형 내화 요업제품,357749,359366,409606
기타 분류안된 금속가공제품,146411,148575,153180
기타 비군사용 무기 및 부품,70612,13710,9048
기타 비금속광물,20385,11226,13003
기타 비금속광물 분쇄물,452856,454256,473522
기타 비금속광물제품,109335,62133,56981
기타 비금속화합물,37660,89000,79386
기타 비동력식 차량의 타이어 및 튜브,11125,X,X
기타 비알콜성 음료,969034,963709,1163191
기타 비전기식 가정용 조리기기,14264,13644,9346
기타 비전기식 조명장치,36996,26213,30506
기타 비철금속 1차정련품,38035,475191,618865
기타 비철금속 2차정련품,200590,158018,169355
기타 비철금속 단조물,86375,73196,74800
기타 비철금속 분말,96016,213377,125206
기타 비철금속 압연 및 압출제품,121876,155029,241293
기타 비철금속 주물,115340,99134,587265
기타 비충격식 프린터,X,X,X
기타 비환식 탄화수소,272001,263923,342753
기타 빵류(제조도매),1273805,1021977,1507427
기타 사료,106023,89944,97503
기타 사무 및 상업용 목제가구,55999,50434,72585
기타 사무용 기계,56613,238336,44739
기타 사무용 보관함,13454,18666,19934
기타 사진관련 기기,X,X,X
기타 사진기,107875,119248,34795
기타 산업용 고무제품,448304,321201,341814
기타 산업용 도자기,40270,37379,35107
기타 산업용 로봇,962855,685425,403850
기타 산업용 보일러,3013205,2860997,2798086
기타 산업용 유리제품,154761,75800,73694
기타 산업용 트럭 및 적재기,26652,16969,17789
기타 산업용기계,1453578,1513167,1697684
기타 산업처리공정 제어장비,1553480,1620523,1447358
기타 상점용 음식료품 조리기계,50624,60688,70062
기타 샌드위치패널,14101,22557,23172
"기타 생물 살균, 살충제 및 식물보호제",9228,11291,10574
기타 생물학적 제제,144514,471766,581348
기타 석고 제품,24871,34074,31977
기타 석유정제품,308948,345754,415191
기타 석재 가공품,19716,35429,43055
기타 석회,12966,22727,24101
기타 선박 수리,17950,27258,12717
기타 섬유 마무리 가공기계,103036,115435,130948
"기타 섬유, 의복, 가죽 가공기계 부품",84671,17002,17127
기타 섬유제품,87593,185575,141169
기타 세제,108192,113634,94461
기타 소건품,16626,16029,22977
기타 소다공업제품,60104,57816,136866
기타 소재의 가구,13127,12795,16233
기타 송신관련 기기,8730,6282,8417
기타 수경성 시멘트,28307,34878,51665
기타 수공구,62457,51585,31172
기타 수동식 운송장비,75553,51200,52833
기타 수동식 운송장비 부품,26428,24126,19215
기타 수산동물 가공품,41609,39147,28856
기타 수산동물 및 부산물 건제품,8424,10647,8942
기타 수산동물 조리가공품,102682,111227,130151
기타 수산동물 통조림,37748,41083,36898
기타 수지식 동력 공구,70191,71083,66553
기타 수확관련 기계,77084,72939,77988
기타 시계,3639,3208,4184
기타 시계부품,8464,14874,12772
기타 식물성 원유(압착한 것),24104,45532,39803
기타 식물성 유박,X,X,X
기타 식물성 정제유 및 가공유,220697,193226,248003
기타 식사용 조리식품(제조도매),737202,505938,617111
기타 식품,58924,52224,56930
기타 식품첨가물,378473,431464,414916
기타 신품 자동차부품,2163038,2428090,2492690
기타 신호장치,49972,44852,56813
기타 악기 부품,38687,38321,43320
기타 안경,34200,21368,29932
기타 안경 부품,36592,76801,79411
기타 알코올 및 관련 유도체,149563,162504,115327
기타 액정표시장치 부품,1039909,799325,604667
기타 액체여과기,218304,266328,176008
기타 어류 및 부산물의 냉동품,195527,218072,226363
기타 여성용 편조 외의(편직결합),83738,100114,115525
기타 연소가능물품,11847,13454,22563
기타 열연강판(스테인리스제 제외),5873623,6515719,6264318
기타 영상게임기 부품,X,,
기타 오락용품,55452,53348,40904
기타 오락용품의 부품,X,X,X
기타 용접기,29567,32576,30239
기타 운동 및 경기용구,54835,36140,37718
기타 운송장비 제조업,41362307,36200035,39817066
기타 위생도기제품,37807,35546,27280
기타 위생용 고무제품,34766,42205,50487
기타 위생용 종이제품,6134,5805,11579
기타 유리공업용 기계,73813,32375,40416
기타 유리제품,19534,14030,7301
기타 유사국수,65130,56762,45034
기타 유선 교환기,X,X,8431
기타 유선 통신기기 부품,29768,36557,43499
기타 유선전화기,106749,95386,86303
기타 유선통신기기,53567,72190,35975
기타 유압기기,105207,89514,102440
기타 육상 금속 골조 구조제조재,660758,602923,647403
기타 육지동물 소시지 유사제품,282416,305675,282038
기타 음극선관,X,X,X
기타 음향 녹음 또는 재생기기,X,X,X
기타 음향관련 기기,14529,15719,12285
기타 의료기기 부품,348655,400582,430739
기타 의료용 가구,49806,63750,82928
기타 의료용 기기,621896,653419,698751
기타 의복악세서리,23415,24143,26181
기타 의약관련제품,187912,332931,234991
기타 인삼기저 식품,16882,16726,17517
기타 인쇄 및 필기용지,61190,53012,51787
기타 인쇄관련기계,38799,35263,46567
기타 인쇄회로원판,599020,512419,577789
기타 인스턴트면류,53043,54001,66000
기타 일반도자기,X,X,X
기타 일반목적용 기계,386702,388103,395063
기타 일반목적용기계 부품,1379343,445804,492811
기타 일반철물,274431,266416,268605
기타 입력장치,180280,186924,195840
기타 잉크,64225,84702,80885
기타 자건품,18451,21637,27357
기타 자동조절기,182246,180814,177434
기타 자동차,40373,92591,70775
기타 자동차 타이어,71976,47259,49588
기타 자동차용 신품 전기장치,96598,188409,112780
기타 작업용 수공구,74725,85339,98097
기타 장난감,49282,55321,61656
기타 장류,120396,78646,87851
기타 장식용 목제품,16944,13618,13712
기타 재료제의 신발,X,X,
기타 재료제의 신발부분품,51246,56528,28177
기타 재배관련기기,71857,95748,90133
기타 재생섬유,19384,28791,61393
기타 저압 차단기(1000v 미만),260537,273557,279632
기타 적산계기,184317,114965,97266
기타 전구 및 램프,28634,29694,36398
기타 전기 및 전자식 진단용기기,256705,276752,314957
기타 전기 접속기기,127748,116680,235307
기타 전기량 측정 및 검사용기기,130009,106488,155162
기타 전기식 이미용기구,144518,212933,262906
기타 전기식 조리기기,51794,51854,40189
기타 전기식 치료 및 요법기기,124659,122943,120903
기타 전기용 탄소제품,10537,19403,28438
기타 전기용접기,32457,55197,18101
기타 전기장비,126313,134784,156471
기타 전기장비의 부품,90831,71600,67121
기타 전분제품,90895,34396,191855
기타 전선,845731,911393,657580
기타 전자 부품,905572,792071,795454
기타 전자공업용 화학화합물,542534,718777,439352
기타 전자관 부품,12691,15597,43801
기타 전자유도자,669717,739597,110468
기타 전자응용 절삭기계,95536,69759,56185
기타 전자접속 카드,X,X,X
기타 점토(채굴),X,X,X
기타 젓갈류,108372,141450,140589
기타 정지형 변환기,99011,104222,89296
기타 정형 내화 요업제품,87863,93008,101984
기타 제품,84471,137520,67861
기타 제품 제조업,5358097,5540126,5591375
기타 조립구조재,186914,159374,192247
기타 조립금속제품,273752,293492,273459
기타 조명장치 부품,14660,15447,22022
기타 조물제품,X,X,X
기타 조미조제식품 및 어류훈제품,85130,73575,72072
기타 종이 및 판지,94528,97319,85876
기타 종이 및 판지제품,57527,76675,76179
기타 종이가공 기계,36542,47206,39679
기타 종이상자 및 용기(판지 및 골판지 이외),387198,380611,414693
기타 주방용 전기기기,26716,53485,48416
기타 주형관련 부속품,572885,555619,412801
기타 증류주 및 합성주,38760,22074,13681
기타 직물갑피제 또는 가죽갑피제 신발,155853,115094,99689
기타 직물제품,376118,436483,535494
기타 질소비료,9335,16778,25958
기타 채소가공품,382426,431674,413560
기타 천연 모피제품,X,X,X
기타 천연조미료,190578,215873,169018
기타 철강 단조물,654030,585987,587837
기타 철도차량 전용부품,396789,357883,435208
기타 철선조립제품,71032,74849,82939
기타 축산기계,90851,104190,110391
기타 출력장치(컴퓨터용),X,X,X
"기타 측정, 시험, 항해 및 정밀기기 및 부품",167744,157422,172117
기타 침구관련제품,20835,23278,39676
기타 침실용 목제가구,49710,51978,71686
기타 카르복실산 및 그 유도체,78264,142748,130619
기타 칼륨비료,X,X,X
기타 칼륨염,15949,X,X
기타 캔버스제품,18227,22874,21395
기타 컴퓨터,252572,93495,107644
기타 컴퓨터 주변기기,47185,29929,28914
기타 컴퓨터용 보드,22027,12208,8547
"기타 콘크리트, 시멘트제품",111321,102336,75601
기타 콘크리트관,556778,540087,612222
기타 탄산음료,620579,550893,652407
기타 탄화수소 유도체,616927,899377,820913
기타 특수 직기,13912,11834,9872
기타 특수가공가죽,33691,37033,34827
기타 특수사,42308,40394,38266
기타 특수직물,117484,121163,265445
기타 특장,1347944,701192,706523
기타 파스너,6415,9850,11177
기타 판유리 가공품,270877,322146,295592
기타 판지,28470,11762,16810
기타 펄프,7660,24983,X
기타 펜,33659,32850,32373
기타 편조물,58097,50481,53921
기타 편조제품,25280,22005,16776
기타 평판 디스플레이 부품,501472,608846,620768
기타 평판디스플레이 판넬,35556,44225,48612
기타 포틀랜드 시멘트,824604,672243,801966
기타 표면가공목재,45773,39064,56622
기타 프레스 가공품,1242444,1092277,922771
기타 플라스틱 및 고무제 신발,10841,10916,12319
기타 플라스틱 및 고무제 신발부분품,111170,80067,77200
기타 플라스틱 발포제품,237972,187550,173401
기타 플라스틱 제조 기계,54944,48721,63260
기타 플라스틱 제품,890225,832414,921368
기타 플라스틱 포장용기,3237530,3533987,3800222
기타 필기용품,9322,18282,25171
기타 필라멘트 전구,7770,X,X
기타 합성고무,968238,905669,992297
기타 합성수지,1137401,1248854,1618312
기타 합성수지 도료,409766,385872,409140
기타 합성스테이플섬유,X,X,X
기타 합성염료,64898,61898,81516
기타 항공기 전용부품,2525396,2370772,2166428
기타 항해용 강선,1865548,2453595,2746970
기타 항해용 기기,185390,182252,401348
기타 해조류 가공품,95630,126361,130003
기타 호흡관련 의료기기,164968,163749,82474
기타 혼성 집적회로,X,29826,101150
기타 혼합조제조미료,1046744,1109157,1462925
기타 화물선(철강제),X,X,X
기타 화장품,1904743,1726386,1932634
기타 화학 및 비료 원료용 광물(채굴),X,X,X
"기타 화학 살균, 살충제 및 농업용 약제",45855,44364,45919
기타 화학비료,18570,19165,56963
기타 화학섬유 및 방적기,21062,29917,23028
기타 화학제품,1089499,1207722,1302057
기타 화학조미료,120758,127059,161436
기타 환식탄화수소,X,X,X
기타 회화용품,22906,20482,22093
기타 휴대용 전화기 부품,4115654,3505109,1003162
기타 휴대용 컴퓨터,X,X,X
기타 １차 비철금속제품,199205,157329,162244
기타(guitar),14058,8425,9438
기타가공사,212865,191291,180747
기타도금 강선,25386,26332,30849
기타도포 및 적층직물,254892,309001,310043
기타비료,73551,98266,146932
기타산업용가스,909475,706357,846742
기타위생용지,22062,X,64259
기타전자관,23941,12395,9048
김,1465616,1503624,1555517
김밥(제조도매),327126,351005,443896
김치,1282919,1338935,1345997
김치냉장고,1103544,907314,875603
껌,224824,185808,206462
꽁치통조림,15657,16167,18548
꿀차,6672,13787,11810
끈 및 로프(식물성섬유),47648,58183,66670
끈(합성섬유),30629,36626,34561
끈가공품,57220,56778,62555
나동선,2960479,3249998,3209802
나사 전조기,76872,86114,102748
나사못(금속제),371702,373167,389621
나염기,X,,
나전칠기제의 가구,X,X,
나프타,13192752,16070141,16315359
낙농품 가공기계,53082,39756,45421
낙하산,X,X,X
낚시 인조찌,6827,X,X
낚시대,101867,108245,79834
낚시릴,120768,122725,98563
낚시바늘,22731,24171,25946
남성용 니트셔츠(니트원단 구입),86275,58586,63266
남성용 직물셔츠,758908,674884,734577
남자 및 소년용 내복 및 잠옷,31502,22468,11749
남자 및 소년용 바지,73162,65970,67596
남자 및 소년용 속옷,64212,61985,73140
남자 및 소년용 자켓 및 점퍼,822316,870584,839026
남자 및 소년용 정장,976027,881895,656133
남자 및 소년용 코트,23252,X,X
남자용 가죽의복,37466,34615,29940
남자용 구두(단화 포함),511073,383289,347797
남자용 셔츠(편직결합),135173,203193,213108
남자용 속옷 (편직결합),26657,18449,16240
남자용 스웨터(편직결합),81576,97500,61988
납석(채굴),21895,14481,14200
내비게이션,3296307,4308694,3195451
내연기관 부품(차량 및 항공기용 제외),1193628,1312589,1463658
내연기관용 전기장치(자동차용 제외),91157,71102,85169
내화도가니,X,X,X
내화벽돌 및 블록,327815,387798,396973
내화시멘트,186884,216925,192761
내화타일,51859,51326,49684
냉각탑,173796,154022,134338
냉간압조용 강선(CHQ),806652,782944,771961
냉동 고등어,120558,108534,125065
냉동 과실,36477,38063,34441
냉동 참치,282806,260063,277072
냉동만두,719595,741279,787559
냉동，냉장 쇼케이스,392342,401988,377378
냉매 압축기(차량용 제외),688358,771407,918949
냉면,140971,205041,235778
냉연 봉강 및 냉연 형강,333736,517485,449855
냉연광폭강대(스테인리스제 제외),4560346,5093810,4449875
냉연박판(스테인리스제 제외),78676,X,59346
냉연전기강판(스테인리스제 제외),60015,26214,46055
냉연협폭강대(스테인리스제 제외),505433,460081,309765
넥타이,17661,26010,20601
노래반주기,118822,94838,103149
노트류,175882,168158,198094
노트북,26221,34375,33516
노트북용LCD,3137239,3751894,5658540
녹음기 및 녹음재생기,34523,30136,20235
녹차,114378,131258,118543
놀이공원용품,3937,4363,X
놀이터용 장비,129898,169199,212599
농업용 건조기,98511,96798,86403
농업용 기계 부품,489419,613993,611639
농업용 분무기,83016,124116,119770
농업용 수공구,5002,4638,8122
농업용 트랙터,980374,1131325,1208056
농축 과실즙,170285,187244,262259
농축 채소즙,201482,182392,155165
"니켈 압연,압출 및 연신제품",67899,47862,X
니켈괴,X,X,X
"다이, 지그 및 공작기계 부착물",749814,850574,974123
다이오드,369638,325230,272478
단무지,268203,302181,305799
단미사료,95327,119942,157812
단추 및 지퍼 부품,11164,4530,X
단판,69765,83883,35218
닭고기,2589867,2580640,2616477
담배,3517804,3227144,3244623
담배 라이터,X,X,X
담배 제조업,3802582,3570472,3693989
담배 필터,301168,296883,356819
담배잎(재건조),X,X,X
담요,27687,28009,10674
당면,52725,57668,59818
대나무 돗자리,4043,4020,5279
대두박,500657,495362,394226
대륙 간 탄도 미사일,X,X,X
대형 승용차(배기량2000cc이상),11187100,10814667,8886779
대형냉장고(401ℓ 이상),1466496,2025689,1968228
대형버스,1137871,1290108,1059012
대형트럭,X,X,869968
데스크탑 PC,380865,433834,432069
도금 강관 및 피복 강관,532473,523014,515332
"도난, 화재 및 유사 경보기(차량용 제외)",246250,338682,397062
도넛(제조도매),86713,128613,163428
도로포장 기계,80335,70274,44659
도료충전제,201273,216327,231299
도시락(제조도매),854995,958936,954971
도안 및 제도기구,81417,65149,66432
도자기 제조용 분말,38039,25584,25220
도장용로봇,93230,88616,74592
도정 부산물,52136,90845,70667
도화선 및 뇌관(화약용),104854,111744,83905
동 2차정련품,978630,853281,950405
동 분말,158465,166971,166577
동 주물,197810,201441,258063
동1차정련품,4754211,5132484,4920792
동관,1161035,1175717,1119855
동단조물,51488,26044,27111
동력 항공기,1028339,1618047,1936146
동물 및 기타인형,110174,80700,76404
동물성 지방 부산물,176035,167089,172199
동물용 약제품,455509,557811,563406
동물용 조제식품,28526,44336,59646
동박(두께 0.15 ㎜ 이하),522402,635636,580982
동봉,958361,989462,903707
동전 및 화폐 처리기,114783,110865,148088
동제의 관연결구류,277557,400456,437582
동태,47620,75333,62997
동판,1511802,1599425,1319736
돼지가죽,X,X,X
돼지고기(도축),1480520,1473698,1526958
된장,189192,205054,189268
두부,523045,506666,519254
두유,407078,398986,401465
드라이버,X,X,X
드럼통,548394,560195,565276
드릴,81475,47660,41587
드릴링기,36253,31323,22033
들기름,25643,36225,29799
등산용 배낭,33622,20392,30505
등유,2441058,3037616,2735568
디니트로톨루엔(DNT),X,X,X
디지털 다중화장치,35334,38853,61978
디지털 도어록,358909,396329,359918
디지털 잉크,127125,115442,87158
디지털 적층 성형기계,88398,81588,99219
디지털 적층 성형기계 부품,18289,12912,10439
디지털 카메라,X,X,X
디지털 피아노,17814,19136,20824
떡(제조도매),340974,386174,419552
떡(제조소매),49201,50245,55453
"라디오, 녹음 및 재생기기의 부품",35745,38747,38409
라디오송신기,X,X,X
라면,2253618,2054333,2342479
라우터 및 게이트웨이,43372,35827,53768
라이타 및 흡연용품의 부품,X,X,9668
락카,105886,96497,84045
레미콘,10744584,10225239,9693526
레이더기기,499598,540697,449615
레이스원단 및 망직물(편직된 것),87121,94239,66854
레이저 가공기,382240,453310,368261
레이저 프린터,396898,412255,259344
레이저디스크 플레이어 및 DVD 플레이어,119372,121487,94494
레이저발생기기,90370,36820,55463
레이크계 안료,125703,116532,111906
레토르트 식품,832084,923943,1127718
렌지후드,150732,151912,140885
로 부속품 및 부품,123710,148426,180892
로더 및 불도저,402934,444195,401489
로션 및 오일,3653279,3862288,4682341
로프(합성섬유),184860,166551,148864
루즈,287208,288177,263238
룸에어컨,469675,355462,322972
리드프레임,842884,878721,725039
리모콘,211305,158368,169149
리베트(금속제),53852,34659,33414
리튬코발트산화물,X,818967,712733
리프트기기,148815,120391,121891
린넨,X,,
린스,20876,24269,34492
마 및 기타 식물성 직물,6781,7420,5697
마그네틱 스트라이프를 자장한 카드,65725,70697,62464
마네킹 인형,7530,6375,5928
마루덮개 및 유사제품,112501,107771,82591
마루용 판재,243902,292387,239016
마사 및 기타 식물성 섬유사,X,X,X
마아가린,98638,51602,X
마요네즈,249519,363473,241813
마우스,8419,6761,1001
마이크로 콤퍼넌트,259472,748083,92234
마이크로폰과 그 스탠드,87372,75166,58246
맛소금,X,X,X
망간철,126512,97277,X
매니큐어 및 제거제,39113,31024,31448
매실주,X,X,X
매트리스,388049,398638,440441
매트리스 지지물,32412,43135,31440
맥아,X,X,X
맥주,2466683,2352107,2021602
머리빗,10122,9677,13390
머리핀 및 미장원용 핀,10580,10344,7881
머시닝 센터,1587910,1499167,1473320
멀티미디어카드,X,X,X
메주,11623,9733,9095
메탄올,X,X,7153
메틸렌 디페닐 디이소시아네이트((MDI),1388726,1564251,1162068
메틸메타크릴레이트(MMA),654807,664865,481353
메틸터셔리부틸에테르(MTBE),253155,267788,385747
멜라민수지,86317,83640,88463
면도기 및 면도날,271048,294781,X
면양 또는 산양(염소)의 가죽,X,X,X
면편조물,123785,124481,89795
면혼방사,235714,222706,217192
멸치 건제품,119282,132720,133660
멸치젓류,6745,7100,6297
명란젓 및 창란젓,104784,107319,98340
명태 건제품,170954,165957,185283
모니터용 LCD,6035768,4005627,5290599
모래주형(중자포함),151648,147689,128485
모자,121423,123300,111162
모터보트,16719,11763,11755
모터사이클,72980,35954,46846
모터사이클  전용부품,32876,34708,33846
모터사이클타이어,X,X,X
목공기계,43489,41218,39451
목공기계 부품,X,X,X
목도리,X,X,X
목모와 목분,24466,28672,35068
목선(동력식),X,X,X
목재 및 나무제품 제조업; 가구 제외,5954563,5803519,5559394
목제 그림틀 및 사진틀,9620,7085,9223
목제 깔판류 및 기타 적재용 판,631959,638476,633331
목제 상(식탁용),6013,5616,5367
목제 상점진열대 및 라커,163982,172435,158474
목제 식탁 및 식탁의자,77525,81685,89606
목제 싱크대상판,124350,115322,115063
목제 의자,61374,62927,63768
목제 조리대(싱크대),793476,781117,664710
목제 책상,80503,87104,103305
목제 침대,515088,537557,544094
목제 칸막이,69915,66873,53119
목제 패널,293076,284998,267521
목제가구 부품,167408,148536,122065
목제도구 및 부품,11998,13077,10509
목제의 건물 부착물,142344,134565,131836
목제의 문 및 문틀,689770,521577,503411
목제의 창문 및 창문틀,119277,130414,118006
목제의 케이블드럼,26520,30685,31783
목제의 포장 및 운반용 상자,495780,484250,432822
목제통 및 관련 부품,29117,24326,42557
몰드베이스,592764,585593,650894
무계목강관,358487,337459,431439
무동력 보트,X,X,X
무동력 항공기,X,X,X
무선 호출기,36989,31384,27015
무선통신 기지국용 송수신기,136082,86093,868881
무선통신 단말기의 부품,337142,356127,365166
무선통신기기의 부품,238127,211668,195379
무선통신용 교환기,177598,166311,76660
무선통신용 중계기(릴레이),775943,718981,629435
무수마레인산,52285,64641,57763
무수프탈산(PA),294264,307464,291060
무연탄(채굴),216141,207286,159933
무인 비행장치,X,11038,15231
무인 항공기,52905,35621,37513
무전기,229820,308458,184262
무정전 전원장치,494550,508049,536310
무한궤도,197035,363278,55404
문갑,X,X,
문구용칠판 및 화이트보드,38416,30088,31884
문서 및 그림 코팅기(사무용),72941,71132,77943
문서 펀칭기(사무용) 및 스테이플러,23537,12520,9707
물에 뜨는 구조물,1729938,1580636,128884
물엿,395805,451751,359453
물질 검사·측정 및 분석기구의 부품,388658,375169,605357
물품취급용 크레인,660313,576788,549609
물품취급장비 부품,91138,102100,94013
미과,78107,83528,130988
미생물 배양제,70733,90801,94090
미역,169858,158858,157777
밀가루,1102146,996200,1170016
밀링기,47959,31766,35473
바늘,71635,61800,61568
바리스터,156740,153225,164950
바이오 디젤,297476,454480,813149
바이오 에탄올,X,X,X
바이올린,X,,
바이폴라 IＣ,265322,258168,364104
바인더,36702,60938,50519
반도체 검사장비,2322038,2400165,2196781
반도체 조립 장비,4766473,5076171,3797985
반도체용 식각제,1709278,2271852,2324877
반도체웨이퍼,1891336,2509648,2660787
반도체제조 장비 부품,4697411,4447263,4022595
반송기기 부품,7024,10873,29451
반송장치(디지털),311709,290164,197697
반송장치(아날로그식),12989,10977,15078
반응성염료,192887,154723,128959
발전기,517602,538534,628249
발전기세트,134934,112430,124987
발전변압기,56448,48290,44005
발전플랜트,1499541,466009,247543
발포 및 소포제,187854,207020,185011
발효유,1592820,1591699,1568723
방사선 기타 장치,4330,7287,X
방사선장치의 부품,117038,143240,137497
방송국용 기기의 부분품,52977,48328,49896
방송용 영상관련 기기,88330,92002,101136
방송용 음향관련 기기,120367,145803,137912
방송용 증폭기,92677,124295,195792
방수액,192627,191648,197717
방열기,89272,96847,169869
방적기,63358,52489,79190
방적용 면,X,X,X
방적용 모,28906,31263,X
방전가공기,48811,58753,76357
방진고무,1221142,1198251,1260307
방향유,142482,153933,164394
배선용 차단기(1000v 미만),864277,886744,961289
배전반 부품,339249,378794,342396
배터리 충전기,346034,451632,422868
배터리팩,835049,565761,230517
배합고무,520813,549587,562018
배합사료(기타 동물),1365688,1002890,1088325
배합사료(양계용),1709211,2029687,1873717
배합사료(양돈용),2301926,2368704,2439227
배합사료(양어용),219040,203853,215578
배합사료(양우용),3155167,3160357,3451272
백삼,2625,1542,X
백상지,1141344,1375205,1453066
백색시멘트,87206,87945,83387
백신,414875,371960,372262
백열 전구,10497,10513,9019
백판지,728568,782016,795896
버스 및 화물차 타이어,185588,415437,427436
버터,29563,32120,35105
벌크선(철강제),640930,541621,1035345
범용 선반,52510,67437,31680
법랑제 주방 및 식탁용품,X,X,10573
벙커C유,5883832,7638788,7110240
베개 및 유사제품,66590,56132,37855
베어링 부품,311872,303578,299114
베이컨,175427,65315,88495
벤젠,5284143,5460181,5378291
벨트(허리띠),16959,14764,15827
벽시계 및 탁상시계,13659,10182,14170
변기,76312,89146,83276
변속기,808095,764908,666393
변압기 부품,319619,296097,297316
병마개,205496,200303,209686
병원침대,59921,85742,110394
병，용기의 세척기,15735,9386,X
보리쌀(도정한 것),34385,36204,40503
보링기,19926,36198,118966
보석제 제품,19636,19041,27370
보온용 및 기타 진공용기,11513,23742,16304
보일러 부속품 및 부품,141759,154272,146878
보청기,28316,26849,22075
보통 철선,460673,516981,472105
보통 포틀랜드시멘트,2081557,1650328,1476403
보통강 단조물,1272389,1340954,1342194
보통강 주물,914137,792170,787801
복분자주,30386,37554,20897
복사기,87253,105715,14348
복사기 전용부품,105293,86495,70204
복층절연유리,310692,336397,344591
복합비료,920161,927623,903699
볼 및 플러그밸브,407027,375160,373369
볼 베어링,1537214,1671401,1693571
볼터치,48794,51513,52114
볼트 및 너트류(금속제),3629460,3590374,3609878
볼펜,95508,97846,97824
봉강(보통강),881637,1426084,1141042
봉강(스테인리스강),1822293,1837388,1533525
봉강(특수강),1285876,1401838,1799625
부동액,X,X,X
부직포,874926,890668,824107
부직포 제품,453494,474557,494736
부타디엔,1717222,2067429,1452515
부탄가스,2319790,2399995,2324422
부탄올,136568,164116,124432
분말야금제품,414839,426122,418595
분사기,78017,144346,112123
분산염료,122787,149836,130419
분유,157026,154062,152053
불포화폴리에스터수지,404022,397040,589627
브라운관용 유리,X,X,X
브레이크라이닝,12772,13145,9459
블룸 및 쉬트바,X,X,X
비군사용 총기류,21943,26849,30238
비금속 광물제품 제조업,36235039,35372193,34026717
비금속광물 광업; 연료용 제외,2855088,2713294,2620455
비금속제 모조 장신용품,17640,17291,17551
비내화 모르타르,615832,591653,677354
비닐도포직물,100623,103308,100465
비디오도어폰,189807,171620,179609
비디오용 헤드드럼,X,X,X
비디오테이프 녹화재생기,X,,
비스코스직물,45883,42215,36725
비식용 어분,20957,20960,21164
비식용 지방(육지동물의 것),45892,39858,41587
비철금속선(동력식),12630,8733,X
빌렛,604005,478453,505566
빙과,622520,576714,266936
사람인형,5556,8135,7391
사료 첨가제,351150,409570,447046
사료가공 기계(농업용),67633,73936,77247
"사무, 작업 및 위생용 의복",619711,632252,805553
사무기기의  전용부품,11732,10118,13546
사무용 금속제 의자,416035,328207,398663
사무용 금속제 책상,151845,177250,205348
사무용 기계 수리,20203,12797,17353
사무용 목제의자,38942,33834,30531
사무용 목제책상,340217,303302,290542
사무용 목제탁자 및 테이블,62351,59879,66916
사무용 보관함,114680,124194,123247
사무용 봉투,57542,71343,61478
사설 교환기,X,X,X
사이다,320415,365767,509842
사인펜,38547,24694,37535
"사진기, 영사기 및 관련장비의 부품",135313,168529,231795
사진섬광기구,X,X,X
"사진용 감광성 필름, 판 및 종이",217588,497513,469755
사진용 화학물질,403764,414903,204524
산성 및 매염염료,60786,70113,43476
산소(Oxygen),629791,528446,554312
산소호흡기,20054,25780,67410
산업 및 상업용 냉장고,469072,377437,607202
산업용 가죽제품,17208,26711,26766
산업용 공기압축기,403036,613269,616513
산업용 기계 및 장비 수리,1156663,1512522,1368004
산업용 기계 및 장비 수리업,2621025,3009142,2956887
산업용 냉동기,911465,898074,796327
산업용 냉장 및 냉동장비의 부품,770004,714594,755743
산업용 로봇 부품,355317,337755,674453
산업용 방사선장치,43812,75270,84416
산업용 범용 건조기,457373,527145,461967
산업용 솔,35639,33318,37231
산업용 액체펌프,1190160,1180700,1230325
산업용 온수보일러,762642,630390,537390
산업용 온수보일러 및 방열기의 부품,50258,34277,39415
산업용 일반변압기,833356,838691,981470
산업용 저울,61886,63251,55358
산업용 접시 세척기,62505,59182,65619
산업용 조명장치,510600,523160,400728
산업용 트럭 및 적재기 부품,288636,345503,321396
산업용기계 부품,1128545,1218837,1425399
산업용온도조절기,628003,685552,516217
산화방지제(고무·플라스틱용),607377,603688,611893
산화철,79680,58808,61151
산화티타늄,104323,98734,102793
산화프로필렌(PO),X,X,X
살균기(의료 및 실험실용),78102,86259,108352
상하수정화장비,354575,382893,508442
새도우마스크,X,,
색소안료,262829,238139,248614
색소중간착색제,66581,63061,74006
생물 살균제(농업용),26087,16381,17226
생물 살충체(농업용),29478,31043,32465
생물 제초제(농업용),X,X,X
생석회,459350,505246,534939
생수,761658,863362,892251
샤프펜,13545,16848,3001
샴푸,819842,853120,526430
서류가방,30042,40155,24561
서미스터,57367,57268,107845
석고보드,649063,596481,489063
석면제품,49806,61634,65058
석유 난로,44777,X,X
석유가스,X,,
석유수지,X,X,X
석탄 화학물,174617,169207,151705
"석탄, 원유 및 천연가스 광업",360292,331651,260403
석탄코크스,64596,X,X
석회석 원석(파쇄되지 않은 것),42742,38623,44129
석회쇄석(채굴),594636,541352,556550
선글라스,12811,11737,9710
선박 부품 수리,251991,305167,334980
"선박, 철도차량, 항공기 및 오토바이용 조명기구",151371,136498,137588
선박용 내연기관,2515593,2533829,2834282
"선박용 프로펠러, 날 및 닻",186719,211013,238752
선식류,90777,139468,203711
선재(보통강),720574,703235,730000
선재(스테인리스강),X,X,X
선재(특수강),2641332,2679074,2516070
선체블록,1954884,1934779,2784908
선형폴리에스터수지,1059560,1017208,1196812
설치용 및 위생용 플라스틱제품,976029,1027930,980870
섬유 기타 가공,19845,22765,37146
섬유 장갑,65442,55301,63257
섬유 호부처리,48244,47250,53591
섬유사 염색,215765,195871,145204
섬유제품 제조업; 의복 제외,16869326,16459226,15901181
세금선,917031,539638,X
세라믹 유전체의 고정축전기,1304385,1445493,1616826
세라믹제 및 페라이트 자석,162235,165574,149932
세면기,56138,84084,57273
세탁 비누,22976,26871,23537
세탁용 합성세제,604527,577296,598535
세폭직물,204691,210743,223478
센서,711138,772411,1262699
셀룰로스 에테르,X,X,X
셔터문,74441,73795,113252
소가죽,939864,905308,867039
소각로,688506,869607,412936
소각재,51018,54617,51152
소다회,X,X,X
소맥전분,X,X,
소맥피,21950,29842,X
소방차특장,170162,213123,154557
소석회,69697,69103,68530
소시지(축육),546548,369801,385198
소주,1835334,1833855,2095017
소파 및 가정용 내장의자,236712,282244,310245
소형 전동기,2244140,2469017,2377079
소형냉장고(200ℓ 이하),45056,45333,X
소형버스,X,X,X
소형승용차,9863415,6152039,7001384
소형트럭,3794505,3461533,3491488
소화기,208299,252566,275825
소화장비 및 분사기 부품,222144,192230,194567
속도계,719515,825236,485587
속도계 및 적산계기 및 부품,78542,88985,101451
손수건,34471,30815,30750
손톱 및 발톱 깍기,57708,46803,52678
솔벤트,899470,1191996,1684839
송배전변압기,1050715,906919,1091341
송풍기(산업용),924623,948071,1008087
송풍기(산업용) 부품,196148,132860,136679
쇠고기(도축),463205,587184,581160
쇠못,92711,119088,86688
쇼트닝,91666,106089,99255
수관보일러,410147,365897,455261
수도미터,100394,107962,111421
수렵용구,12377,5161,X
수산동물 조유(원유),20460,24881,48795
수산화나트륨(가성소다),961714,1154462,1099355
수산화알루미늄,88598,82625,84051
수상 금속 구조물,4165314,3165165,4761653
수성 페인트,168853,245103,227102
수소(Hydrogen),1313104,1258099,1332389
수전,826013,877235,783066
수정진동자,25742,20334,13418
수제지,15443,13917,13268
수지식 동력공구 부품,56550,86483,74606
수지식 동력연삭기,129928,126167,120673
수처리제,206448,271443,315077
수치제어식 선반,1123157,1496991,1237708
수치제어장치,339564,357539,356945
순견직물,29971,35682,27382
순면사,503102,567836,389536
순면직물,353503,342116,258638
순방모사,69972,82885,102270
순방모직물,21252,21269,32658
순소모사,48052,41020,31024
순소모직물,63586,56067,54018
순합성섬유사,135379,129655,101503
순합성섬유직물,1094604,1078517,988162
숯,14907,16006,16498
스낵류,1171104,1168839,1103758
스냅 단추,1193,1926,X
스마트 카드,329897,346106,338278
스위치(전기개폐용),2120909,1605689,1794757
스카프,76829,75994,64320
스캐너류,140610,71162,129251
스쿠알렌식품,6424,6151,X
스타킹,69221,67731,50495
스탠다드로직,X,X,X
스탬프(수동식),8285,32436,32851
스테인리스 냉연강판,4349605,3295210,3283411
스테인리스 단조물,136182,133381,154749
스테인리스 중후판 및 열연강판,4252498,4760424,4817722
스테인리스강선,562077,514385,503348
스텐레스 주방 및 식탁용품,288548,294741,300224
스티렌모노머(SM),3545601,4848127,3954334
스티로폼 샌드위치패널,106890,181067,149119
스틸캔(음식료품용),570657,539082,461028
스판덱스섬유,340413,328767,282384
스패너 및 렌치,10905,8200,11966
스포츠화,21148,19553,12567
스프링쿨러,109096,104933,82676
스피커,317220,311608,345635
스핀들,13857,12133,8845
슬래브,975267,707485,741216
승강기류 부품,765786,779180,713781
승용장난감,26053,19503,19991
승용차타이어,6085787,5584503,5793611
시계줄(금속제),X,X,X
시계케이스,X,X,X
시너(Thinner),356317,324402,241764
시멘트 클링커,510042,693788,417947
시스템에어컨,1567051,1850856,2009103
시안화나트륨,164255,154441,158903
시유,2720467,2897558,2775128
식료품 제조업,76251120,77953427,81991225
식물보호제,X,X,X
식물성 섬유음료,103731,136467,140121
식빵(제조도매),439792,661615,835086
식용 지방(육지동물의 것),62747,65558,56502
식초,109715,240968,143688
식품용 색소,73143,89863,92415
식품용 종이용기,381077,388901,405806
식품용 종이제품(용기 및 상자 제외),243776,279371,274263
식품위생용 종이상자,189403,209652,255011
신문용지,851142,693372,777563
신발장,75273,83543,89689
신용카드조회기,148802,88753,55912
신품 내연기관용 발전기,642270,732998,870811
신품 동력전달장치(자동차부품),19876640,19660000,21096106
신품 라디에이터 및 부품(자동차부품),365218,472658,444299
신품 배기조직 및  부품(자동차부품),2408067,2345001,2608631
신품 배전기와 점화코일,228702,164104,142873
신품 스타터모터,690946,993128,1203859
신품 안전벨트 및 부품(자동차부품),894071,820851,880663
신품 에어백 및 부품(자동차부품),1139534,1049195,1125673
신품 연료탱크(자동차부품),374153,357552,343250
신품 와이퍼 및 서리제거용 열선,570539,567894,471225
신품 음향신호용 기구,X,X,X
신품 자동차 전자제어,2416136,2047750,2586743
신품 점화 및 기타 목적용 와이어링하네스,3675171,3676335,3772968
신품 점화플러그,237645,237806,203797
신품 제동장치 및 부분품,5122888,5475778,5411634
신품 조향장치 및 부분품,5388398,5446844,5465161
신품 차량용 히터,409478,350544,489009
신품 차륜 및 부품(자동차부품),2619943,2716078,2774893
신품 촉매컨버터(배기관용; 자동차부품),154343,137928,236823
신품 현가장지 및 부분품,2178232,2207038,2097292
신호 및 제어선,341576,380819,371000
신호 발생기,X,X,3364
신호변환기,88751,101831,200492
실내용 가향제,98584,103836,113794
실리콘수지,1038013,1172484,982677
실물설명용 모형,263021,283517,262437
실험 및 과학용 가구,43871,37812,48886
실험실용 및 약물 포장용 유리용기,189367,175547,140612
심전계,36290,46536,44035
싱크상판,151056,145497,157667
쌀(도정한 것),1534725,1876923,1996979
쌍안경 및 천문관측기기,26016,92953,62638
씨리얼식품,217282,238858,242768
아날로그 집적회로,61388,52854,62775
아동용 구두(단화 포함),10092,8595,8296
아디핀산,X,X,X
아르곤가스,299028,367745,262965
아민,209787,104227,115465
아세테이트섬유,X,X,X
아세테이트직물,X,23455,43032
아세톤,348811,366299,233650
아세틸렌가스,37181,37332,41056
아스팔트,2204654,2515024,2371502
아스팔트 콘크리트 및 혼합제품,1250812,1276144,1274044
아스팔트성형제품,82713,89107,94878
아연 1차정련품,3518212,3713745,3051810
아연 2차정련품,222897,199317,215807
아연 분말,X,X,X
"아연 압연,압출 및 연신제품",139257,144264,124443
아연도 강선,590744,362910,341795
아연도강판,8683498,10313005,8901769
아연화,233466,345115,278714
아이세도우,193718,220648,422987
아이스크림,1025218,732822,1025003
아크 용접기,60078,48091,91473
아크릴도료,313753,460250,434899
아크릴레이트,786154,569887,457626
아크릴로니트릴(AN),X,X,X
아크릴릭섬유,X,X,X
아크릴산,X,X,X
아크릴수지(PMMA),442620,938495,723501
아트지,1689513,1672285,1219765
안경용 렌즈,157834,149822,194898
안경테,130603,121161,111328
안전 밸브,310769,306857,297915
안정제(고무·플라스틱용),397611,462289,467159
안테나,370047,373531,322738
안테나시스템,298023,190174,482619
알로에식품,78374,72245,80610
알루미나,316907,325065,362158
알루미나시멘트,X,X,X
알루미늄 1차정련품,1672997,1857572,1794893
알루미늄 2차정련품,1496669,1784888,1516765
알루미늄 관,555094,440306,429748
알루미늄 봉(압연에 의한 것),424286,335205,313015
알루미늄 분말,X,X,X
알루미늄 새시바(압출에 의한 것),2219719,2046473,2064053
알루미늄 선,319624,319888,300372
알루미늄 주물,1164774,1141585,1108101
알루미늄 판,3056014,3213619,3153574
알루미늄단조물,177389,173798,146367
알루미늄도금강판,590394,631174,1130828
알루미늄박(두께 0.2 ㎜ 이하),552706,616388,610388
알루미늄제  관연결구류,80283,46810,52307
알루미늄제 주방 및 식탁용품,626602,567324,548996
알루미늄캔(음식료품용),553432,597613,610275
알미늄 전해축전기,266091,229262,232595
알카리성 이온음료,111949,125741,110238
알칼리 축전지,4889223,7332436,8885754
알킬벤젠,X,X,X
암면 및 유사제품,336849,415049,416066
암모니아,259629,369891,350596
압력계,141263,101143,126057
압연기 롤,134646,113856,117173
압전소자,X,X,X
압축 및 액화 가스용기,673079,622028,743144
앙금류,99650,109765,115195
애완동물사료,256825,292807,365000
액면계,100416,84409,115631
액압 프레스,31960,33885,33283
액정 모니터(컴퓨터용),791585,787672,879261
액정(liquid crystal),503120,837803,505364
액체 여과기 부품,975748,910030,906124
액체비중계,4531,X,X
액체펌프의 부품,84620,98381,108207
앨범,42556,45624,46815
약주,53407,52998,45500
"양궁, 국궁 및 유사장비",36911,30776,28086
양말,193578,214704,181581
양초,32759,19080,22179
어댑터,99647,119292,101260
어류 부산물(신선 및 냉동한 것),26377,28412,30016
어류 염장품,140224,149885,161370
어류의 채(건조한 것),70021,64322,71404
어망,88190,116178,93439
어묵 및 유사가공품,674986,595492,651641
"어선(FRP제, 동력식)",117111,121419,113929
어선(철강제),X,X,13693
어육 소시지 및 어묵햄,233514,340997,383193
"어육(신선 및 냉동한 것, 등뼈 제거)",515386,524783,564634
어학실습기,X,X,X
얼음,80854,93915,87429
업소용 세탁관련기기,24823,23078,20981
에나멜페인트,103360,100130,97732
에너지 저장장치(ESS),45665,412971,219830
에스컬레이터,X,X,X
에어로졸캔,301109,364483,361901
에어핸드링유니트,309346,337091,314364
에틸렌,3805372,4469001,4077920
에틸렌글리콜(EG),1123978,1508529,1304020
에틸알콜(공업용),111127,135809,104798
에폭시도료,247889,362024,336161
에폭시동박적층판,815882,1250080,1198421
에폭시수지,1254733,1476037,1580704
에폭시인쇄회로기판,4432421,3655157,3619047
엔지니어링플라스틱수지,4875629,5618382,4316400
엘리베이터,2433332,2860773,2476917
"여객선(FRP제, 동력식)",X,X,8636
여객선(철강제),107460,X,X
여과지,218874,256769,272643
여성용 니트 블라우스 및 셔츠(니트원단 구입),272464,424037,463360
여성용 직물 블라우스 및 셔츠,667073,700833,783535
여자 및 소녀용 내복 및 잠옷,15620,10577,9755
여자 및 소녀용 바지,58141,76353,68968
여자 및 소녀용 속옷,96011,88205,96139
여자 및 소녀용 자켓 및 점퍼,1668977,1251133,1908095
여자 및 소녀용 정장,3006692,2885662,2032581
여자 및 소녀용 치마,165448,176192,138455
여자 및 소녀용 코트,250388,268682,237471
여자용 가죽의복,64220,70955,69340
여자용 구두(단화 포함),628444,591613,502083
여자용 보정의류,142499,140127,106865
여자용 셔츠 및 브라우스(편직결합),280815,275202,85086
여자용 속옷 (편직결합),50483,61861,115741
여자용 스웨터(편직결합),177485,232048,200217
여행용 가방,13427,27396,16984
연 1차정련품,1552486,1560896,1613381
연 2차정련품,740758,644537,602667
"연(납) 압연,압출 및 연신제품",286689,189637,214818
연(납)광 및 아연광(채굴 및 정광),X,X,X
연관보일러,111301,69192,61817
연료전지,87680,152545,236556
연마석,162802,152888,134463
연마지 및 포,364675,407387,386010
연마휠,34159,57333,61236
연사기,X,X,X
연삭기,106551,107554,88614
연성 및 기타인쇄회로기판,2550049,2176908,2275271
연수기,24066,X,X
연유,20530,19973,38839
연체동물 냉동품,280678,298529,341394
연탄,110507,112596,82594
연필,30599,33197,35684
열교환기,2083184,2182900,2167499
열연광폭강대(스테인리스제 제외),X,X,X
열측정 및 풍력계기,49332,69741,104333
염기성염료,X,,
염산,100984,80192,112325
염색기,40911,29813,26316
염색약,185988,158080,121365
염소,195625,170907,164435
염소산나트륨,4494,9181,9412
염화비닐모노머(VCM),763514,778912,943292
영상 전화기,14007,11611,21681
영상게임기,40173,37055,34725
영상모니터,510579,523137,481002
영화관련 기기,34207,30302,33685
오디오 복제물,X,X,X
오디오용 튜너,X,X,X
오렌지원액,X,X,X
오리고기,245367,311249,292541
오산화인,20239,15583,13398
오실로스코프 및 오실로그래프,X,X,X
오존 발생기,23201,29696,22174
오징어류 건제품,15913,27249,35721
오토바이용 헬멧,139218,133702,140723
옥수수 원유(압착한 것),11806,25423,14526
옥수수가루,80837,78379,74911
옥수수기름,106466,59973,83896
옥수수전분,305660,283928,258615
옥외용 조명장치,423208,366776,389815
옥탄올(2-EH),410974,263005,313843
온도 자동조절장치(공업용 제외),335466,294866,260613
온도계,20894,24355,21210
온도자동제어장치,478728,516683,976916
올리브유,213854,230710,178093
올소자일렌,X,X,X
옵셋 잉크,319044,271705,293187
와셔(금속제),109642,111353,115558
와이어로프,614553,671773,710720
왁스,74348,81532,84910
외장형 DMB 튜너 (PC 장착용),X,X,X
외장형 DMB 튜너 (자동차 장착용),203331,217016,204964
요소,55504,50871,X
요소수지,13605,37841,63118
요업용 도포제,96235,93896,100295
욕조,25328,25363,22697
용접강관,3876607,3367464,4163671
용접봉,1019453,880818,882202
용접용로봇,205900,284945,229536
우드몰딩,65083,67242,62537
우레탄 발포제품,1035376,1133422,1225190
우레탄도료,395377,387389,367169
우레탄폼 샌드위치패널,36182,40618,52933
우산류,26541,19756,13249
우산류 및 지팡이 부품,X,X,X
우편물취급기기,X,6865,8484
운동복,1915441,1649840,1750838
운동용 공,4016,4385,5960
운동용 장갑류,X,X,X
운동화,413937,394087,388971
운송장비용 플라스틱제품,12407014,12189056,12235144
워딩(솜) 제품,412728,401737,408317
원당,X,X,X
원두커피,285850,404201,400084
원심분리기,128765,147281,160968
원유(채굴한 것),X,X,X
원자로의 부품,32196,23824,27103
원추형 롤러베어링,307368,287101,235674
원피,X,X,X
웨이퍼 가공 장비,3668413,3986113,2558494
위생용지,271753,287836,316927
위성방송 수신기,1573397,1271821,1304007
위성방송 수신용 안테나,182001,202830,200220
위스키,177733,211072,X
윈치 및 캡스턴,83121,71688,63577
유기계면활성제,1517526,1472908,1445781
유기질비료,604194,578819,608852
유리거울(차량용 제외),46633,55974,54975
유리단섬유,180563,155128,157492
유리섬유 제품(직물제외),298563,340523,332063
유리섬유직물,93690,80365,91322
유리장섬유,200658,159539,156557
유부,65372,66571,67363
유선 전화기 부품,5137,4387,X
유선방송 송수신기,97008,105919,93674
유성 페인트,2231990,2067341,1845622
유아 및 어린이용 목제가구,26786,23507,28224
유아용 내의(편직결합),59517,61331,56476
유아용 의복 및 부속품,779064,767226,913978
유압 및 공기압전송용 밸브,1036489,1061241,1126631
유압 펌프,645171,708016,733738
유압기기 부품,613206,576306,623202
유압실린더 및 유압시스템,1400365,1759601,1590344
유연제,104837,84238,81100
유자차,108675,198886,192657
육류 도축고기 부산물,224814,143536,121711
육류가공기계,91548,104019,124230
육상 금속 구조물,5522087,5168591,5317040
육지동물 통조림 및 병조림,19216,38892,51342
육지동물 포장육,4510834,4550823,5000074
윤활기유,5189236,5968830,5693759
윤활유(석유기저),2397803,2563868,2811698
율무차,34398,40336,40670
은괴,1731424,1596740,1774938
음료 베이스,252937,297130,372885
음료 제조업,11784516,11940953,12036174
음성자동응답기,X,X,X
음식료품 및담배 가공기계 부품,23432,24349,19786
음향기기용 자기헤드,X,X,X
음향기기의 전용부품,238805,274768,119522
"의료, 정밀, 광학 기기 및 시계 제조업",25791481,27804069,25844056
의료용 물질 및 의약품 제조업,18510211,19543756,21441408
의료용 방사선 장치,638795,685939,751183
의류 건조기,X,1026413,
의류 부분품,87164,82543,91919
의복 및 직물제품의 날염,50503,36682,30311
의복 및 직물제품의 염색,49275,39337,57676
"의복, 의복 액세서리 및 모피제품 제조업",15036594,14403307,14191325
의약품 원료,1981658,1825236,2065138
의약품제제,14241417,14835146,16290942
이·미용실 의자,X,X,X
이동식 금속 사다리 및 부품,39709,30211,36812
이불,434209,431371,479036
이산화규소,X,X,X
이산화탄소,142094,169253,175797
이앙기,298939,127168,136764
이어폰,103478,98882,115799
이염화에틸렌(EDC),X,X,532460
이온 정수기,33589,31557,30507
이유식(우유기저 제외),182819,102324,123093
이퀄라이저,X,X,X
인공골재,85371,79296,87936
인공신체,45129,45334,59641
인버터,661181,754232,726669
인산,86733,104243,94508
인산비료,X,X,X
인삼과자,141496,155091,199265
인삼분말,33782,43539,46885
인삼음료,455666,580683,459186
인삼즙,298146,328371,289295
인삼차,180303,174754,72637
인쇄 및 기록매체 복제업,390494,533699,568429
인쇄 및 제본관련 기계 부품,91722,103070,105939
인쇄기계,237612,269869,241377
인쇄용 박엽지,149351,146379,126735
인쇄판,357287,504370,534961
인스턴트 커피,516835,356779,612092
인조대리석,1021749,946020,939817
인조모피,X,X,X
인조모피 제품,X,,
인조섬유편조물,415530,429000,479329
인터폰,70207,66156,51279
인형 및 장난감 부품,4883,4881,11728
일반 단추,70594,79220,62851
일반 유리용기,455832,618235,664485
일반 전화기,2499,X,44882
일반 합판,245948,270978,295347
일반철근,3807131,4545348,4362398
일차전지,150203,260166,370287
일차전지 부품,16694,23356,23889
임팩트 프린터(충격식),58651,62831,55053
잉곳 및 웨이퍼(태양전지용),230357,150917,41735
잉크리본,X,X,X
잉크젯 프린터,90346,78244,59186
잎(판상)스프링,123105,123171,102638
자기 및 광 디스크,23091,12242,7644
자기 테이프,X,,
자기헤드(컴퓨터용),X,X,X
자동 자수기,16225,16247,X
자동거래단말기(ATM),249003,295412,421268
자동전기제어반,1822504,1836600,2033890
자동조절 및 원격조절밸브,553557,598406,665491
자동조절기(공업용 제외)의 부품,68350,74204,74469
자동차 KD세트(개조 및 분해),3637524,4317237,2471251
자동차 구조 및 장치 변경,47835,56067,57018
자동차 및 트레일러 제조업,189088326,186412008,192799402
자동차 엔진용 신품 부품,16047005,15153311,14888744
자동차 재제조 부품,539951,521091,464680
자동차 차체,1322736,1351007,1340736
자동차 차체용 신품 부품,20949278,22210782,22635445
자동차 튜브,196907,170631,190898
자동차용  신품 의자,5359213,4898797,4659951
자동차용 센서,1000723,814315,1032701
자동차용 신품 의자 부품,1036436,1488525,1868420
자동차용 신품 전기장치의 부품,1451809,2124674,1641502
자동차용 철물,1151919,1149436,1193921
자동차용 프레스 가공품,4593984,4534264,4303065
자동차용 화합물,651310,598683,476430
자동차용음향증폭기,X,X,X
자동차운반선,X,217937,90426
자동차촉매,1421165,1673876,1635243
자동창고시스템,301887,306838,184698
자동판매기 및 화폐교환기,97763,84532,68509
자동판매기 및 화폐교환기 부품,8865,10320,11250
"자물쇠, 열쇠 및 관련 부품(자동차용 제외)",56813,50616,49204
자수제품 및 자수용재료,41895,35641,43525
자일렌(Xylene),1310340,1630290,1858074
자전거,25042,18272,26125
자전거 및 차량용 조명기구,3346405,3515900,2656615
자전거 타이어,X,X,X
자전관,X,15522,16973
장갑(편직결합),274223,243827,215242
장롱,633940,776257,625927
장부류,8596,9269,X
장석(채굴),X,X,X
장식용 도자기,X,X,X
장식용 조명세트,18265,20757,18168
장식용 트리밍,X,X,X
장식장,82803,93574,146123
장의용 목관,13298,13633,12970
장판지,X,X,X
재료시험기,233723,284392,254332
재봉기 부품,16092,13899,15520
재봉사,66506,64608,67790
재생 윤활유 및 그리스,117571,147291,109360
재생 타이어,103908,84466,59479
재생가죽,X,X,X
재생고무,107721,43379,44780
재생목재,51508,36427,115431
재생섬유사,155851,111006,132472
재생수지,866611,912769,922034
재생유,495833,496571,525293
재생장섬유토우,40143,43121,40151
잼 및 젤리 통조림,168488,197813,175788
쟁기,22632,8847,15645
저밀도폴리에틸렌(LDPE),4020653,4387283,3834218
저압배전반(전압1000v 미만),1489668,1343273,1338918
저울 부품,X,,
저장용 금속탱크,1754324,1652567,1961752
저항 용접기,89375,95777,100421
저항기 부품,31190,42714,54975
적층가공지(박지),680502,664101,555386
전구 및 램프 부품,66797,62491,105994
전기 난로,32954,36507,24123
전기 면도기,5433,X,X
전기 및 전자기기용 플라스틱제품,2579117,2604727,2586071
전기 안마기,129759,135254,233052
전기 애자 및 절연용 물품,146291,115675,111877
전기 이발기,1686,6665,5735
전기 후라이팬,46010,41397,30928
전기·전자식 진단 및 요법기기 부품,226519,112478,87685
전기ㆍ전자 및 정밀기기 수리,894879,917467,940141
전기경보 및 신호장치 부품,77861,79958,86521
전기고압용 축전기(>=0.5KW),53750,58596,56876
전기공급계기,348360,426307,268270
전기다리미,X,X,
전기담요 및 장판,186773,118599,142776
전기도금 및 전기분해용 기기,50516,60862,65746
전기량측정 및 검사용기기의 부품,52117,43878,142863
전기레인지,69379,144628,157426
전기로,250996,276667,265125
전기보일러,16108,15837,16378
전기비데,270143,303586,277792
전기식 간판,507979,491219,529939
전기식 교통 통제장비,207678,221548,189726
전기식 교통통제장비의 부품,X,X,X
전기식 헤어드라이어,42596,44732,47763
전기온수기,76391,61968,78962
전기용 도자기,197481,216304,192431
전기장비 제조업,74860973,79224106,82516438
"전기회로 개폐, 보호 장치 부품",372509,370122,341282
전기회로 접속장치 부품,267249,256095,237406
"전동기, 발전기 및 발전기 세트의 부품",708944,929541,925676
전동차,1125646,935303,1046132
전등용 소켓,56094,37814,35866
전등용 유리,11449,12953,12439
전력선(송배전용),4022477,4066284,3665206
전시 및 광고용 조명장치 부품,92382,95100,169145
전압조정기,27819,23451,16149
전용기,584784,588404,670058
"전자 부품, 컴퓨터, 영상, 음향 및 통신장비 제조업",259574348,269593274,250753678
전자 오븐,39754,72557,35782
전자 커넥터(통신 및 전자기기회로용),1296482,1190050,1377174
전자계측기,412150,475962,450040
전자기타,40433,37274,38226
전자복사기용지(소매용),62662,61681,64182
전자부품 실장기판,2043427,1941206,1776571
전자부품용 변성기,201695,183486,190617
전자석 및 영구자석의 제품,66082,75797,80941
전자수첩,X,X,X
전자식 모의훈련기기,68139,78512,60705
전자악기 부품,11012,12631,13589
전자유도 코일 및 쵸크,320775,322904,330347
전자응용 가공 절삭기계의 부품,122655,104274,78897
전자집적회로 부분품,1033655,968776,1056537
전자총,X,X,X
전자코일 및 인덕터의 부품,63379,52530,55134
전자혈압계,X,6310,5717
전자회로용 가변식 축전기,34273,45051,46730
전투용 차량,616263,810071,1273019
전투용 차량부품,453504,503476,501167
절단기,71378,79794,79378
절삭가공,6275352,6127443,5835613
절연전선(옥내외 저압 배선용),1910357,1914713,1711645
절연코드 및 코드세트,1200914,1143655,1204124
점토기와,24438,19085,22345
점토벽돌,187951,182857,167511
점토타일,359138,324201,273743
접착지,182457,188564,189805
접착테이프,2907435,2657380,2945415
정류기,636083,633003,645100
정미기,61664,62046,68012
정보용지,450791,491437,739519
정수기,1213011,1139161,853549
정제당,920706,1098584,1090859
정제어유가공식품,67040,21050,30230
정지형 변환기의 부품,131917,135046,130531
정형외과용 기기,174013,191545,202585
정형외과용 기기 및 보청기 부품,21922,26234,40965
제 조 업(10~34),1465087155,1517922862,1491723515
제강용선철,272501,X,X
제동기,X,39722,66334
제분 부산물,12191,33987,X
제빵용기계,64353,71338,77153
제올라이트,52593,45251,44803
제재부산물,39636,43383,54771
제철소 부산물,124098,X,383051
제트유,14031737,16999680,16308183
젤라틴,129564,124347,166150
조개통조림,X,,
조립식 건축자재(콘크리트제),254271,279515,301911
조립식장난감,129426,135509,100324
조립용로봇,1015366,674499,604885
조명장치 부분품,132999,109930,182245
조미오징어,318456,299937,289967
조미쥐치포,34334,35175,32058
조제계면활성제,315018,317168,283442
조제분유(우유기저),312865,305346,333707
조제수프,99681,100967,67049
조제윤활제,185509,171077,204020
조타기,49786,10542,16691
조화 및 모조 장식품,35210,56070,17794
종이 가방,166483,178232,191371
종이 기저귀,916817,776405,643895
종이 라벨,550897,601413,659496
종이 및 플라스틱 고정축전기,52494,27887,17114
종이 생리대,272717,210374,366874
종이 타월,672454,635535,666897
종이 포대,226749,229794,251990
종이벽지,344399,390148,277307
종이제조 기계(초지기),48596,45738,39776
주기판,23682,47881,41310
주문형 목제가구,161750,164490,144522
주물용선철,X,167881,104026
주물주조기계,200268,213096,196044
주방용 또는 식탁용 목제품,27895,29345,24728
주방용 전기기기 부품,370709,535410,405160
주방용 합성세제,335669,330328,317337
주사기 및 수혈세트,450907,477724,467424
"주석 압연,압출 및 연신제품",79066,43227,52177
주석괴,22441,18551,10052
주석도금강판,1063696,841572,704398
주정,437860,413210,490870
주차기,252220,268997,291846
주철관(주조한 것),382590,429667,375865
주철제 관연결구류,145471,154282,182306
주파수 공용통신 단말기,45523,46716,57996
주화,229828,228975,203945
중궤조,X,X,X
중대형 교류전동기,274916,507211,249205
중대형 직류 및 교류겸용 전동기,351638,500921,1340354
중대형 컴퓨터,242734,260313,348626
중앙통제실 송신용 칩입 및 화재경보 시스템 제조,80333,71107,77223
중유(벙커B유),310226,357144,412664
중질지,149081,198518,244872
중형냉장고(201ℓ ~ 400ℓ 이하),782638,450263,X
중형버스,X,X,330404
중형승용차,5427573,4579178,6067991
중형트럭,552623,X,X
"중후판(두께 3mm이상, 스테인리스제 제외)",6153815,6662533,7120238
증류기 및 가스발생기,102768,109649,143712
증류기 및 열교환기의 부품,248274,238591,215325
지갑,192528,207663,110278
지관(판지 및 골판지 이외),290589,307141,278642
지구베어링,121024,209467,163304
지상파방송 송수신기,X,X,X
지팡이,X,X,X
지퍼,178888,172004,144124
지폐용지,X,X,X
직기,21241,10993,10854
직물 염색,1105653,1139931,1147431
직물벽지,86673,79776,154629
직물슬리퍼,X,X,X
직물원단 날염,331083,303907,270498
직물제 필터,140621,154257,175714
직물포대,226246,202307,195823
직접염료,37255,42877,41678
진공 및 열성형기,31082,94204,65523
진공 펌프,1097802,1190773,744933
진공형광관,X,X,X
진단용 시약(의료용),446181,400008,503030
질산,151530,145879,139783
질소(Nitrogen),1039074,1163750,1347326
집진기,375151,348947,398225
차량 에어컨용 압축기,526841,825395,1155763
차량용 가솔린엔진,792025,2064234,1401654
차량용 거울,654104,646711,637998
차량용 공기청정기,76737,84698,106211
차량용 납(연)축전지,4561268,6112364,6735206
차량용 도난 및 화재 경보기,23155,27173,24679
차량용 디젤엔진,2741262,1339097,1544270
차량용 안전유리,703168,693749,741926
차량용 에어컨,2939586,2714038,2378995
차량용 오디오,1321789,640906,409340
차량용 조명 및 전기장치의 부품,501821,660542,1294037
차량의자 카바,1444345,1253482,1134255
"차축, 차륜 및 부품",22834,22553,42750
착색 가공석제품(건설용),18458,21846,33342
착화탄,12796,13433,11667
찬장,52097,72231,108897
참기름,201816,195817,173174
참치통조림,455366,458468,479884
채소 통조림,15219,12041,22739
채소음료,34945,48583,40614
채소주스,68370,62380,41121
채종유(유채유),24654,25517,22793
천막 및 덮개(직물),431305,420987,442267
천연 자갈,60321,60156,66966
천연 접착제,178661,203509,203023
천연가스(채굴한 것),X,X,X
천연모피 의복,176708,189369,164780
천연모피(유연처리 또는 완성가공한 것),X,X,X
천연색소,X,X,X
천일염(채취한 것),21473,20063,22958
철강 절단품(구입한 강재 절단),7191099,7933171,7501113
철광(채굴 및 정광),X,X,X
"철도, 궤도의 유지·보수용 차량",X,X,X
철도선로장치물,153780,189431,301453
철도차량 개조 및 재생,11315,X,15083
철도차량용 의자,41081,20831,9956
철망,598953,657732,661147
철분(철분쇄물),119065,176271,185123
철제수문,93908,92357,93287
청소용 비 및 솔,124393,146310,149421
청소용 포(직물),128760,129858,118017
청주,X,X,X
체인(동력전달용 제외),65656,50271,49727
체인(동력전달용),175917,172100,181589
"체조,육상 및 체력단련용 장비",212756,228627,255096
체크 밸브,259104,240721,240935
초산,177212,300535,180841
초산비닐,X,X,X
초산에틸,X,X,X
초음파 기기,109428,102797,44366
초음파 세척기,57113,56432,55428
초음파진단기,906464,1107883,958566
초콜릿류,1006584,767759,768661
축전기 부품,191651,189088,194423
축전지 부품,1491791,2347818,3048418
춘장,37039,18512,36090
충전기(포장겸용),222830,225333,256795
측량기 및 항해용 무선기기의 부품,22986,29570,46255
측량기기,109244,150812,419125
치과 및 치과기공소용 기기의 부품,20447,21651,26056
치과기공소용 기기,26695,27216,33935
치과기공소의 제품,302341,316022,379036
치과용 기기,174155,181167,249149
치과용 의자,70173,64027,66930
치과용 임플란트,495035,583343,630813
치약,387055,407502,217358
치즈,703853,672504,753251
"치커리차, 보리차 및 옥수수차",172200,205642,201840
친환경차,2727851,5046055,8342755
침구용 카바,155478,162885,135625
칩마운터,493642,616803,477277
칩상 또는 삭편상의 목재,81761,92147,116356
칩형 고정저항기,83114,91950,14530
칫솔,192938,162767,168493
카레,95119,51108,78934
카본부러쉬,87757,71944,75974
카본블랙,732331,933032,827829
카페트,102012,89241,103716
카프로락탐(CPLM),X,X,X
칼 및 칼날(식탁용 나이프 제외),61374,60576,64314
칼라강판,2722864,2881524,2241046
캐스터(소형바퀴),99232,78312,83797
캔디류,355458,362369,374600
캠코더,X,X,X
커넥터(일반전기접속용),2575914,2410247,2372215
커버링사,181672,145539,129528
커튼 및 블라인드 부품,19280,11155,12604
커튼 및 유사제품,393154,433855,416235
커피 음료,1008830,1009939,880616
커피 크리머,160876,132261,131748
커피믹스,870196,358809,602040
컨베이어,2126415,2303289,2356334
컨베이장치류 부품,194042,152361,169467
컨테이너(화물운송용),56945,56125,57791
컨테이너선(철강제),3483662,4361355,4832514
컬러TV용 음극선관,X,X,X
컴퓨터 단말기,29969,31897,37833
컴퓨터 케이스,47984,28786,32000
컴퓨터 프린터 부품,42319,35641,84578
컴퓨터용 모뎀카드(PC용),X,X,X
컴퓨터용지,112391,134667,115297
컴퓨터주변기기 전용부품(기억장치부품제외),269167,260746,260308
케이블TV 수신자용 기기,81275,67333,35863
케이블TV 수신자용 컨버터,8220,21651,13416
케이스(가죽 및 섬유제),219600,206902,146434
케이크(제조도매),675479,822174,800707
케찹,111117,83640,95941
코드없는 전화기세트,14088,9638,X
코일스프링,671497,740166,768189
코코아 분말,53505,50313,17315
"코크스, 연탄 및 석유정제품 제조업",96257673,119440834,113581814
콘센트,200767,197474,212485
콘크리트 기와,9205,8015,12334
콘크리트 벽돌,95446,103418,96587
콘크리트 벽면,205154,223496,219718
콘크리트 블록,666137,653732,697811
콘크리트 전주,201410,160268,167478
콘크리트 타일,70243,85629,66638
콘크리트 파일,783423,625409,537708
콘크리트 펌프카,358083,261236,225362
콘크리트경화제,545494,549973,505152
콘크리트믹서,60100,70538,68684
콘크리트제품 제조기,33444,34805,39871
콘택트렌즈,301310,293786,310712
콜라,521935,630299,706510
콜롱,X,X,X
콜크 및 콜크제품,X,X,X
콜타르(조상의 것),227541,182386,105044
콜타르피치,130814,179671,220032
콤바인(농업용),179286,125228,156031
콩가루,3007,2417,4620
콩기름(대두유),589637,675539,697238
크라프트지,236390,198098,188703
크레용 및 파스텔,10152,10723,13639
크롬도금강판,78104,72690,80748
크림,1944982,2126246,2526039
키보드,53962,62389,57814
키폰세트 및 시스템,X,X,
타월(직물),182282,184767,179067
타이어 및 튜브 부속품,85303,123512,112934
타이어보강 강선,563847,479029,390385
타이어코드 및 타이어직물,645293,338771,413177
탁주,315582,318732,313286
탄산칼륨,X,X,X
탄산칼슘,274450,292721,264155
탄소 가변저항기,X,X,X
탄소섬유,95473,133861,264139
탄소전극 및 흑연전극,142712,195038,229579
탄소피막형 고정저항기,35764,40530,46560
탄탈륨 축전기,X,X,X
"탈지면, 거즈, 붕대 및 유사제품",250394,276846,320490
태블릿PC,701228,660292,710435
태양광모듈,2255066,2517094,2444795
태양광발전시스템,195742,235548,359435
태양광웨이퍼,X,X,X
태양전지,367139,397080,498526
태양전지 제조장비,144599,53489,46123
태양전지용 유리,X,4208,4228
"탭, 밸브의 부품",614514,600228,596108
탭핑기,17432,15993,X
탱커(철강제),5808963,5659006,4516656
터빈,74449,116100,87807
터빈 부품,115168,105803,119527
터치스크린 패널,1522840,1151448,341258
텅스텐(중석) 압연 및 압출 제품,216301,235526,187657
텅스텐분말,X,X,X
테레프탈산(TPA),3471572,3851406,3716894
테레프탈산디메틸(DMT),X,,
텐트,35506,36343,42167
텔레매틱스 단말기,X,X,X
텔레비전의 부품,287351,262415,323899
토공기계,107498,131342,118265
토기제품,6951,X,5697
토너 및 토너카트리지,56182,62409,43922
톨루엔,920790,995411,889108
톨루엔 디이소시아네이트(TDI),1372357,1270933,862351
톱(수동식),30853,47124,57566
톱기계(금속용),22593,22127,20254
톱날,110693,108906,121442
톳,37818,30116,30420
통신 및 컴퓨터용 전원장치,250791,224129,289525
통신선,817266,721097,961422
투명전도막 코팅유리,106541,98023,92007
투영기,10031,7699,7897
트랜지스터,212169,281910,569225
트레일러,134009,146419,138382
트레일러 부품,20764,22817,26997
특수강 단조물,612129,943057,1071204
특수강 주물(합금강주물),430237,426435,411301
특수목적용 변압기,68952,87934,171527
특수목적용 자동차,917032,1124093,648241
특수선박(상업 및 군사용 제외),7207315,2197976,2876118
파라자일렌(P-X),13032740,15697622,13108856
파라핀,130670,100093,147810
파우다,183916,172421,163036
파일직물,247201,251566,228808
파티클보드(PB),172841,181482,340919
판금제품,3484288,3329673,3147137
판유리,616340,703118,567631
판유리제조기,45636,20839,18629
판재,110586,108316,110708
판지상자 및 용기,615724,692249,674043
패키지에어컨,1061160,1155990,953740
팩시밀리,X,X,X
팬코일유니트,90350,89143,96953
펀칭기,24797,20894,16206
펄프 및 종이제조 기계 부품,42733,38650,37171
"펄프, 종이 및 종이제품 제조업",22423880,23225149,23064420
펄프제조기계,21673,18877,23806
페놀,332530,453425,401885
페놀동박적층판,722020,617634,566142
페놀수지,212033,173014,179868
페놀인쇄회로기판,804750,903685,1260673
페라이트 코아(철심),96198,106702,113738
페인트용 롤러 및 붓,X,X,X
펠트,160769,181436,208165
편광재료용 판,X,X,
편물사,105685,88189,97680
편조제품(의복 및 의복액세서리 제외),X,X,X
편직기,69882,51345,51061
편향코일,X,X,X
평판디스플레이 제조용 기계,8858184,7244328,5636262
평판디스플레이 제조용기계 부품,833055,752429,455039
폐쇄회로 카메라,1715498,1889889,2234106
포도당,50584,44400,67605
"포도주, 샴페인",11608,15679,26329
포르말린,33085,X,X
포장기,519278,568268,594771
포장기 및 용기세척기 부품,33201,49217,38542
포장석,X,X,X
포장지,372293,369549,380914
포크리프트 트럭(지게차),1224581,1377275,1264958
포토마스크(Photomask),586140,629301,690417
폭죽 및 조명탄,19985,32153,22074
폴리스티렌 발포제품,2810294,2756177,2562737
폴리스티렌(PS),1701910,2010035,1628435
폴리스티렌(PS)필름,83683,85779,64371
폴리실리콘,1308421,959456,853365
폴리아미드섬유,642575,1074725,1088323
폴리에스터(PET)필름,2185775,2242242,2253514
폴리에스터섬유,2385139,2421571,1770871
폴리에틸렌(PE)필름,1695768,1751004,2025344
폴리에틸렌테레프탈레이트(PET),748281,722988,649639
폴리염화비닐(PVC)필름,705905,718632,766216
폴리우레탄,979562,872398,751933
폴리테트라 메틸렌 에테르 글리콜(PTMEG),X,X,X
폴리프로필렌(PP),7688732,8827918,8358268
폴리프로필렌(PP)필름,871930,811711,867247
폴리프로필렌글리콜(PPG),1131978,1167172,1206113
표구 부속품,39125,33189,34389
표구 제품,6566,13596,17193
표권 발행기,37165,38139,47261
표면처리 및 방부처리목재,255246,229674,237040
표시기,255262,275800,206556
퓨즈,47606,41222,60308
프라스틱 및 고무제 운동화,11051,X,24528
프레스용 금형,3969542,3761670,3908001
프로그램 콘트롤러,747138,647243,629900
프로판가스,886604,1295183,1223593
프로필렌,5076137,5450970,5133039
프로필렌글리콜(PG),X,X,X
플라스터,18174,31434,29103
플라스틱 뚜껑,607673,732123,676421
플라스틱 및 고무 슬리퍼,54227,50949,49829
플라스틱 및 고무제 운동화부분품,90979,126364,105677
플라스틱 및 기타 소재의 가구 부품,77166,88508,92316
플라스틱 병,1746468,1753800,1959148
플라스틱 봉투,1634735,1764927,1837560
플라스틱 사무 및 문구용품,116034,106825,117707
플라스틱 사출성형기,1042925,987337,1003297
플라스틱 샤시바,654287,650454,641615
플라스틱 시트 및 판(포장용 제외),678235,661516,650182
플라스틱 시트 및 판(포장용),1195499,1235392,1232153
플라스틱 압출성형기,158006,148483,166815
플라스틱 연결구류,507594,508691,409173
플라스틱 자석,12489,13687,17662
플라스틱 적층품,1631393,1788789,1516884
플라스틱 주방용품,913545,864901,835907
플라스틱 창문 및 문,1591607,1674538,1497072
플라스틱 타일,893123,912993,1082775
플라스틱 파이프,1145635,1106272,1171886
플라스틱 프로파일,364350,300589,328939
플라스틱 헬멧,70752,113575,107130
플라스틱 호스,332450,332181,292158
플라스틱벽지,84982,77468,44573
플라스틱용 금형,3109869,2886106,3190828
플라스틱장판,489527,495651,460250
플라스틱제 가구,254183,258808,247017
플라스틱착색제(마스터배치),554917,555549,491828
플라스틱필름(포장용 제외),1389550,1310481,1307910
플라스틱필름(포장용),1298399,1368928,1269712
플러그(전기접속용),85164,104240,93814
플레인베어링,270496,224362,212450
피임용 기구(고무제),X,X,X
피자(제조도매),16902,15095,12736
픽업,X,X,X
필기구의 부품,24730,X,9070
필기용 잉크,35689,38190,25681
하드디스크 드라이브,57218,40671,42277
하이브리드 집적회로,90954,72800,47724
학교 및 공공장소용 가구,139278,140180,145091
학생용 가방,8546,16663,9850
학생용 교복,198779,210550,214702
한복,17276,14863,11139
한의약품,387751,472052,509801
할로겐 전구,66603,54779,58272
합금철(페로얼로이),1755923,2282638,2263027
합성수지 접착제,1791090,1836341,1725647
합성수지선 수리,X,3080,7051
합성장섬유토우,X,X,
합성피혁,741840,833310,773314
항공기 개조 및 재생,X,X,286094
항공기 부품 수리,84864,98145,126334
항공기엔진 부품,647057,965170,990365
항공기용 엔진,X,X,X
항공기용 의자,17575,13983,4254
항온항습기,407082,404773,410390
핵연료,X,X,X
핸드백,743908,757413,991367
핸드폰케이스,1033114,612224,728560
핸즈프리,X,X,X
햄(가축),720772,756168,819591
햄머,7044,13099,X
향수,30214,40357,23197
향수 및 화장품용 스프레이,X,X,X
허브 및 네트웍관련 스위치,23004,54659,22387
헤드폰,209241,115337,55981
헤어스프레이 및 무스,7513,8349,6483
현금자동지급기(CD),124357,94850,94575
형강(보통강),2036755,1304542,2447259
형강(특수강),1487299,1750094,1760531
형광등(램프),59609,54294,70493
형광등용 안정기,160949,147475,122506
형광등용 안정기의 부품,21484,12301,12050
형광염료,36977,45131,44413
호이스트,182480,215840,211358
혼방견직물,10733,17306,24503
혼방면직물,211048,233332,250803
혼방방모사,59969,61910,64806
혼방방모직물,29254,25499,17942
혼방소모사,33349,30231,23167
혼방소모직물,57321,61917,57326
혼방합성섬유사,446269,412586,339077
혼방합성섬유직물,1242278,1184470,995290
혼합 조미료,1254503,1470043,1149116
혼합부탄,181543,205599,208324
혼합장,36541,27103,34097
홈네트워크 장비,61225,77322,47530
홍삼,365155,393551,306928
홍차,19448,30425,20350
화강암 원석(파쇄되지 않은 것),95599,99570,158177
화물용 기차,X,X,X
화약 및 폭약,512897,516505,360602
화운데이션,849359,1007299,771377
화이트카본,X,X,X
화장 비누,234229,280614,261817
화장대,29763,41821,34863
화장수,556228,724790,620502
화장용품,174325,139490,153691
화장지,1098779,1263019,1204661
화학 물질 및 화학제품 제조업; 의약품 제외,156313761,172435217,161874422
화학 살균제(농업용),302566,364532,400032
화학 살충제(농업용),507520,531807,517849
화학 생장조절제,21992,25571,21129
화학 제초제(농업용),254729,268247,214443
화학제품 제조기계,193062,239167,259551
화학펄프,X,X,X
환자감시장치,38611,13424,20574
환자용 차량,27293,28835,34251
환자용 차량 부품,X,X,X
활석분,101467,112264,122160
활성탄,70236,75493,90607
황,177110,230943,262545
황산,219138,263797,357389
황산마그네슘,8543,24709,X
황산알루미늄,51548,73439,89902
황산암모늄,X,X,X
황산칼륨(황산카리),X,X,
회전위상변환기,169976,107914,95160
회주물(보통주철),2591533,2643640,2546602
효모,43135,36820,34044
효소식품,255960,254408,348530
후추가루,44180,49636,54942
휘발유,13981660,17916684,15812517
휴대용 시계,33374,28116,30656
휴대용 연료,X,X,X
휴대용 저장장치,130466,99166,62496
휴대용 전등기구,17172,15118,16233
휴대용 전화기,19870714,17861039,16586774
휴대용전화기 KD세트,2386287,2123799,X
휴대폰용 카메라모듈,5466990,5599671,6754134
흄관 및 VR관,250991,249342,176933
흑연 및 탄소제품(비전기용),90496,101854,116632
희소가스,X,X,X
